Label,CopyFileA,CopyFileW,CreateDirectoryW,DeleteFileW,DeviceIoControl,FindFirstFileExW,GetFileAttributesExW,GetFileAttributesW,GetFileInformationByHandle,GetFileInformationByHandleEx,GetFileSize,GetFileSizeEx,GetFileType,GetFileVersionInfoExW,GetFileVersionInfoSizeExW,GetFileVersionInfoSizeW,GetFileVersionInfoW,GetShortPathNameW,GetSystemDirectoryA,GetSystemDirectoryW,GetSystemTimeAsFileTime,GetSystemWindowsDirectoryA,GetSystemWindowsDirectoryW,GetTempPathW,GetVolumeNameForVolumeMountPointW,GetVolumePathNamesForVolumeNameW,GetVolumePathNameW,InternetReadFile,MoveFileWithProgressW,NtCreateFile,NtDeviceIoControlFile,NtOpenDirectoryObject,NtOpenFile,NtQueryAttributesFile,NtQueryDirectoryFile,NtQueryInformationFile,NtReadFile,NtSetInformationFile,NtWriteFile,RemoveDirectoryA,RemoveDirectoryW,SearchPathW,SetEndOfFile,SetFileAttributesW,SetFileInformationByHandle,SetFilePointer,SetFilePointerEx,SetFileTime,SUMMARY_DIRECTORY_CREATED,SUMMARY_DIRECTORY_ENUMERATED,SUMMARY_DIRECTORY_REMOVED,SUMMARY_FILE_COPIED,SUMMARY_FILE_CREATED,SUMMARY_FILE_DELETED,SUMMARY_FILE_EXISTS,SUMMARY_FILE_FAILED,SUMMARY_FILE_MOVED,SUMMARY_FILE_OPENED,SUMMARY_FILE_READ,SUMMARY_FILE_RECREATED,SUMMARY_FILE_WRITTEN,URLDownloadToFileW,FindFirstFileExA,NtQueryFullAttributesFile,activite_fichier,activite_reseau,activite_systeme,activite_volume,modifie_fichiers,presence_reseau,chiffre_fichiers,manipule_systeme,score_suspicion,ratio_fichier_total,ratio_reseau_total,ratio_systeme_total,ratio_fichier_systeme
Goodware,0,0,0,0,0,0,0,0,0,0,0,0,0,0,0,0,0,0,0,1,1,0,0,0,0,0,0,0,0,1,0,0,1,0,0,1,0,0,0,0,0,0,0,0,0,0,0,0,0,0,0,0,0,0,0,1,0,1,0,0,0,0,0,0,1,0,1,0,0,0,0,1,1,1,0,1,1
Goodware,0,1,1,1,1,1,1,1,0,0,1,0,1,0,0,1,1,1,1,1,1,0,1,1,0,0,1,0,0,1,1,0,1,1,1,1,1,1,1,0,1,0,1,0,0,1,0,1,1,1,1,1,1,1,1,1,0,1,1,1,1,0,0,0,1,0,1,1,1,0,1,1,1,1,0,1,1
Goodware,0,1,1,1,1,1,1,1,0,1,1,1,1,1,1,1,1,1,1,1,1,0,1,1,0,0,1,0,0,1,1,0,1,1,1,1,1,1,1,0,1,1,1,1,0,1,1,1,1,1,1,1,1,1,1,1,0,1,1,1,1,0,0,0,1,0,1,1,1,0,1,1,1,1,0,1,1
Goodware,0,0,1,0,1,1,1,1,1,1,1,1,0,0,0,0,0,0,0,1,1,0,1,1,1,1,0,0,0,1,0,0,1,1,1,1,1,1,1,0,0,1,0,0,0,1,1,1,1,1,0,0,1,0,1,1,0,1,1,0,1,0,0,0,1,0,1,1,1,0,1,1,1,1,0,1,1
Goodware,0,0,1,0,0,1,0,1,0,0,1,0,0,0,0,0,0,0,1,1,1,0,1,0,0,0,0,0,0,1,0,1,1,1,1,1,1,1,1,1,0,0,1,0,0,1,0,1,1,1,1,0,1,0,1,1,0,1,1,0,1,0,0,0,1,0,1,0,1,0,1,1,1,1,0,1,1
Goodware,0,0,1,0,1,1,0,1,0,0,1,0,1,0,0,1,1,0,1,1,1,1,1,0,1,0,1,0,0,1,1,0,1,1,1,1,1,1,1,0,0,1,1,0,0,1,0,1,1,1,0,0,1,0,1,1,0,1,1,0,1,0,0,0,1,0,1,1,1,0,1,1,1,1,0,1,1
Goodware,0,0,0,0,0,0,0,1,0,0,1,0,0,0,0,0,0,0,0,1,1,0,0,0,0,0,0,0,0,1,0,0,1,0,0,0,0,0,0,0,0,0,0,0,0,0,0,0,0,0,0,0,0,0,1,1,0,1,0,0,0,0,0,0,1,0,1,0,0,0,0,1,1,1,0,1,1
Goodware,0,0,1,1,1,1,1,1,1,1,1,1,0,1,1,1,1,0,0,1,1,1,1,0,1,1,1,0,1,1,0,1,1,1,1,1,1,1,1,0,0,1,1,0,0,1,1,1,1,1,0,0,1,1,1,1,1,1,1,1,1,0,0,0,1,0,1,1,1,0,1,1,1,1,0,1,1
Goodware,0,0,1,1,1,1,1,1,1,1,1,1,1,0,0,1,1,0,0,1,1,0,1,0,1,1,0,0,1,1,1,1,1,1,1,1,1,0,1,0,1,1,1,0,0,1,0,1,1,1,1,0,1,1,1,1,1,1,1,1,1,0,0,0,1,0,1,1,1,0,1,1,1,1,0,1,1
Goodware,0,0,1,0,0,0,0,1,0,1,1,1,0,0,0,0,0,0,0,1,1,0,1,0,1,1,0,0,0,1,0,1,1,1,1,1,1,0,0,0,0,1,0,0,0,0,0,0,1,0,0,0,1,0,1,1,0,1,1,0,0,0,0,0,1,0,1,1,0,0,1,1,1,1,0,1,1
Goodware,0,0,1,0,1,1,1,1,1,1,1,1,1,1,1,1,1,0,1,1,1,0,1,0,1,1,0,0,0,1,0,0,1,1,1,1,1,1,1,1,0,1,0,0,0,1,1,1,1,1,1,0,1,0,1,1,0,1,1,1,1,0,0,0,1,0,1,1,1,0,1,1,1,1,0,1,1
Goodware,0,0,0,0,0,1,0,0,0,0,0,0,1,0,0,0,0,0,0,0,1,0,1,0,0,0,0,0,0,1,0,0,1,0,0,0,0,0,0,0,0,0,0,0,0,0,0,0,0,1,0,0,0,0,0,1,0,1,0,0,0,0,0,0,1,0,1,0,0,0,0,1,1,1,0,1,1
Goodware,0,0,1,1,0,1,1,1,0,1,1,1,1,0,0,1,1,0,0,1,1,0,1,1,1,1,0,0,1,1,0,0,1,1,1,1,1,1,1,0,0,1,0,1,0,1,1,1,1,1,0,0,1,1,1,1,1,1,1,1,1,0,0,0,1,0,1,1,1,0,1,1,1,1,0,1,1
Goodware,0,0,1,0,1,1,1,1,1,1,1,1,1,0,0,0,0,0,1,1,1,0,1,1,1,1,0,0,0,1,0,0,1,1,1,1,1,1,1,1,0,1,1,0,0,1,1,1,1,1,1,0,1,0,1,1,0,1,1,0,1,0,0,0,1,0,1,1,1,0,1,1,1,1,0,1,1
Goodware,0,0,0,0,1,0,0,0,0,0,0,0,0,0,0,0,0,0,0,1,1,0,0,0,0,0,0,0,0,1,0,0,1,0,0,0,1,0,0,0,0,0,0,0,0,1,0,0,0,0,0,0,0,0,0,1,0,1,1,0,0,0,0,0,1,0,1,0,0,0,1,1,1,1,0,1,1
Goodware,0,0,1,1,0,1,1,1,0,1,1,1,1,0,0,0,0,0,0,1,1,0,1,1,1,1,0,0,0,1,0,0,1,1,1,1,1,0,1,0,0,0,0,1,0,1,1,1,1,1,0,0,1,1,1,1,0,1,1,1,1,0,0,0,1,0,1,1,1,0,1,1,1,1,0,1,1
Goodware,0,0,0,0,0,1,0,1,0,0,0,0,1,0,0,0,0,0,0,0,0,0,1,0,0,0,0,0,0,1,0,1,1,0,0,0,0,0,0,0,0,0,0,0,0,0,0,0,0,1,0,0,0,0,1,1,0,1,0,0,0,0,0,0,1,0,1,0,0,0,0,1,1,1,0,1,1
Goodware,0,0,1,1,0,0,0,1,0,0,0,0,0,0,0,1,1,0,0,1,1,0,1,1,0,0,0,0,0,1,0,0,1,0,0,1,1,0,1,0,0,0,0,0,0,1,0,0,1,0,0,0,1,1,1,0,0,1,1,0,1,0,0,0,1,0,1,0,1,0,1,1,1,1,0,1,1
Goodware,0,0,0,1,1,0,1,1,0,0,1,0,0,0,0,0,0,1,0,1,1,0,1,1,0,0,0,0,0,1,1,1,1,1,1,1,1,0,1,0,0,1,1,0,0,1,0,1,0,0,0,0,1,1,1,1,0,1,1,1,1,0,0,0,1,0,1,0,1,0,1,1,1,1,0,1,1
Goodware,0,0,0,0,0,0,0,0,0,0,0,0,0,0,0,0,0,0,0,0,1,0,0,0,0,0,0,0,0,0,0,0,0,0,0,0,0,0,0,0,0,0,0,0,0,0,0,0,0,0,0,0,0,0,0,0,0,0,0,0,0,0,0,0,0,0,1,0,0,0,0,1,1,0,0,1,0
Goodware,0,0,1,1,1,1,1,1,1,1,1,1,1,0,0,1,1,0,1,1,1,0,1,1,1,1,1,0,0,1,0,0,1,1,1,1,1,1,1,1,0,1,0,1,0,1,1,1,1,1,1,0,1,1,1,1,0,1,1,1,1,0,0,0,1,0,1,1,1,0,1,1,1,1,0,1,1
Goodware,0,0,1,0,1,0,1,1,0,1,1,1,0,0,0,1,1,0,0,1,1,0,1,0,1,1,0,0,0,1,0,1,1,1,1,1,1,1,1,0,0,1,0,0,0,0,0,0,1,0,0,0,0,0,1,1,0,1,1,0,1,0,0,0,1,0,1,1,0,0,1,1,1,1,0,1,1
Goodware,0,0,1,1,1,1,1,1,1,1,1,1,0,0,0,1,1,0,1,1,1,1,1,0,1,1,0,0,0,1,0,0,1,1,1,1,1,1,1,1,0,1,1,0,0,1,1,1,1,1,1,0,1,1,1,1,0,1,1,1,1,0,0,0,1,0,1,1,1,0,1,1,1,1,0,1,1
Goodware,0,0,0,0,0,0,0,0,0,0,0,0,0,0,0,0,0,0,0,0,1,0,0,0,0,0,0,0,0,0,0,0,0,1,0,0,0,0,0,0,0,0,0,0,0,0,0,0,0,0,0,0,0,0,0,0,0,0,0,0,0,0,0,0,1,0,1,0,0,0,0,1,1,1,0,1,1
Goodware,0,0,1,1,1,1,1,1,1,1,1,1,0,0,0,1,1,0,1,1,1,1,1,0,1,1,0,0,0,1,0,0,1,1,1,1,1,1,1,1,0,1,1,0,0,1,1,1,1,1,1,0,1,1,1,1,0,1,1,1,1,0,0,0,1,0,1,1,1,0,1,1,1,1,0,1,1
Goodware,0,0,1,1,1,1,1,1,1,1,1,1,0,1,1,1,1,0,0,1,1,0,1,0,1,1,0,0,1,1,0,0,1,1,1,1,1,1,1,0,1,1,1,0,0,1,1,1,1,1,1,0,1,1,1,1,1,1,1,1,1,0,0,0,1,0,1,1,1,0,1,1,1,1,0,1,1
Goodware,0,0,1,1,1,1,1,1,1,1,1,1,1,1,1,1,1,0,0,1,1,0,1,0,1,1,0,0,1,1,0,0,1,1,1,1,1,1,1,0,1,1,1,0,0,1,1,1,1,1,1,0,1,1,1,1,1,1,1,1,1,0,0,0,1,0,1,1,1,0,1,1,1,1,0,1,1
Goodware,0,0,1,1,1,1,1,1,1,1,1,1,1,0,0,1,1,1,0,1,1,0,1,1,1,1,0,0,1,1,1,0,1,1,1,1,1,1,1,0,0,1,1,1,0,1,1,1,1,1,0,0,1,1,1,1,1,1,1,1,1,0,0,0,1,0,1,1,1,0,1,1,1,1,0,1,1
Goodware,0,0,0,0,0,0,0,0,0,0,0,0,0,0,0,0,0,0,0,0,1,0,0,0,0,0,0,0,0,1,0,0,1,0,1,0,0,0,0,0,0,0,0,0,0,0,0,0,0,0,0,0,0,0,0,1,0,1,0,0,0,0,0,0,1,0,1,0,0,0,0,1,1,1,0,1,1
Goodware,0,0,0,1,1,0,0,1,0,0,1,0,0,0,0,0,0,1,1,1,1,0,1,1,0,0,1,0,0,1,1,0,1,1,1,1,1,0,1,0,0,0,1,0,0,1,0,1,0,0,0,0,1,1,1,1,0,1,1,1,1,0,0,0,1,0,1,1,1,0,1,1,1,1,0,1,1
Goodware,0,0,1,1,1,1,1,1,1,1,1,1,1,1,1,1,1,1,1,1,1,1,1,1,1,1,1,0,1,1,1,0,1,1,1,1,1,1,1,0,1,0,1,1,0,1,1,1,1,1,1,0,1,1,1,1,1,1,1,1,1,0,0,0,1,0,1,1,1,0,1,1,1,1,0,1,1
Goodware,0,0,1,0,1,1,1,1,1,1,1,1,1,1,1,1,1,0,1,1,1,1,1,0,1,1,0,0,0,1,0,0,1,1,1,1,1,1,1,1,0,1,1,0,0,1,1,1,1,1,1,0,1,0,1,1,0,1,1,1,1,0,0,0,1,0,1,1,1,0,1,1,1,1,0,1,1
Goodware,0,1,1,1,1,1,1,1,0,1,1,1,1,0,0,1,1,1,1,1,1,1,1,1,1,1,1,0,1,1,1,1,1,1,1,1,1,0,1,1,1,1,1,1,0,1,1,1,1,1,1,1,1,1,1,1,1,1,1,1,1,0,0,0,1,0,1,1,1,0,1,1,1,1,0,1,1
Goodware,0,0,1,0,0,0,0,1,0,0,0,0,0,0,0,0,0,0,1,0,1,0,0,1,0,0,0,0,0,1,0,0,1,1,0,0,0,0,0,0,0,0,0,0,0,0,0,0,1,0,0,0,0,0,1,1,0,1,0,0,0,0,0,0,1,0,1,0,0,0,0,1,1,1,0,1,1
Goodware,0,0,1,1,1,1,1,1,1,0,1,1,1,1,1,1,1,1,1,1,1,1,1,1,1,1,1,0,0,1,1,0,1,1,1,1,1,1,1,1,0,1,1,1,0,1,1,1,1,1,1,0,1,1,1,1,0,1,1,1,1,0,0,0,1,0,1,1,1,0,1,1,1,1,0,1,1
Goodware,0,0,1,1,0,1,1,1,0,0,1,0,1,0,0,0,0,1,0,1,1,0,1,0,0,0,0,0,0,1,0,1,0,1,0,1,1,0,1,0,0,1,0,0,0,0,0,0,1,1,0,0,1,1,1,1,0,1,1,1,1,0,0,0,1,0,1,0,0,0,1,1,1,1,0,1,1
Goodware,0,0,0,0,0,0,0,0,1,0,0,0,1,0,0,0,0,0,0,0,1,0,0,0,0,0,0,0,0,1,0,0,0,0,0,0,0,0,0,0,0,0,0,0,0,0,0,0,0,0,0,0,0,0,0,1,0,1,0,0,0,0,0,0,1,0,1,0,0,0,0,1,1,1,0,1,1
Goodware,0,0,0,0,0,0,0,0,0,0,0,0,0,0,0,0,0,0,0,0,1,0,0,0,0,0,0,0,0,0,0,0,0,1,0,0,0,0,0,0,0,0,0,0,0,0,0,0,0,0,0,0,0,0,0,0,0,0,0,0,0,0,0,0,1,0,1,0,0,0,0,1,1,1,0,1,1
Goodware,0,0,0,0,0,0,0,0,0,0,0,0,0,0,0,0,0,0,0,0,1,0,0,0,0,0,0,0,0,1,0,1,0,0,0,0,0,0,0,0,0,0,0,0,0,0,0,0,0,0,0,0,0,0,0,1,0,0,0,0,0,0,0,0,1,0,1,0,0,0,0,1,1,1,0,1,1
Goodware,0,0,0,1,0,1,1,1,0,0,1,0,1,0,0,0,0,1,0,1,1,0,1,1,0,0,0,0,0,1,1,1,1,1,0,1,1,0,1,0,0,1,0,1,0,0,0,0,0,1,0,0,1,1,1,1,0,1,1,1,1,0,0,0,1,0,1,0,1,0,1,1,1,1,0,1,1
Goodware,0,0,0,0,0,0,0,0,0,0,0,0,0,0,0,0,0,0,0,0,1,0,0,0,0,0,0,0,0,1,0,0,0,1,0,0,0,0,0,0,0,0,0,0,0,0,0,0,0,0,0,0,0,0,0,0,0,1,0,0,0,0,0,0,1,0,1,0,0,0,0,1,1,1,0,1,1
Goodware,0,0,1,0,1,1,1,1,1,1,1,1,1,0,0,0,0,0,0,1,1,0,1,1,1,1,0,0,0,1,0,0,1,1,1,1,1,1,1,0,0,1,0,0,0,1,1,1,1,1,0,0,1,0,1,1,0,1,1,1,1,0,0,0,1,0,1,1,1,0,1,1,1,1,0,1,1
Goodware,0,0,0,0,0,1,0,1,0,0,1,0,0,0,0,0,0,0,0,1,1,0,0,0,0,0,0,0,0,1,0,0,0,0,0,0,0,0,0,0,0,0,0,0,0,0,0,0,0,1,0,0,0,0,1,1,0,1,0,0,0,0,0,0,1,0,1,0,0,0,0,1,1,1,0,1,1
Goodware,0,0,0,0,0,0,0,0,0,0,0,0,1,0,0,0,0,0,0,0,1,0,0,0,0,0,0,0,0,0,0,0,0,1,0,0,0,0,0,0,0,0,0,0,0,0,0,0,0,0,0,0,0,0,0,0,0,0,0,0,0,0,0,0,1,0,1,0,0,0,0,1,1,1,0,1,1
Goodware,0,0,0,0,0,0,0,1,0,0,0,0,0,0,0,0,0,0,0,0,1,0,1,0,0,0,0,0,0,1,0,0,1,0,0,0,0,0,0,0,0,1,0,0,0,0,0,0,0,0,0,0,0,0,1,1,0,1,0,0,0,0,0,0,1,0,1,0,0,0,0,1,1,1,0,1,1
Goodware,0,0,1,1,0,1,1,1,0,1,1,1,0,0,0,1,1,0,0,1,1,0,1,1,1,1,0,0,0,1,0,0,1,1,1,1,1,0,1,0,0,0,0,0,0,1,1,0,1,1,0,0,1,1,1,1,0,1,1,1,1,0,0,0,1,0,1,1,1,0,1,1,1,1,0,1,1
Goodware,0,0,0,0,0,0,0,0,0,0,0,0,1,0,0,0,0,0,0,0,1,0,0,0,0,0,0,0,0,0,0,0,0,0,0,0,0,0,0,0,0,0,0,0,0,0,0,0,0,0,0,0,0,0,0,0,0,0,0,0,0,0,0,0,1,0,1,0,0,0,0,1,1,1,0,1,1
Goodware,0,0,0,0,1,0,0,0,0,0,0,0,0,0,0,0,0,0,0,1,1,0,1,0,0,0,0,0,0,0,0,0,0,0,0,0,0,0,0,0,0,0,0,0,0,0,0,0,0,0,0,0,0,0,0,0,0,0,0,0,0,0,0,0,0,0,1,0,0,0,0,1,1,0,0,1,0
Goodware,0,0,0,0,0,0,0,0,0,0,0,0,0,0,0,1,1,0,0,1,1,0,1,0,0,0,0,0,0,1,0,0,0,0,0,0,0,0,0,0,0,0,0,0,0,0,0,0,0,0,0,0,0,0,0,0,0,1,0,0,0,0,0,0,1,0,1,0,0,0,0,1,1,1,0,1,1
Goodware,0,0,1,0,1,0,1,1,0,1,1,1,0,0,0,1,1,0,0,1,1,0,1,0,1,1,0,0,0,1,0,1,1,1,1,1,1,1,1,0,0,1,0,0,0,0,0,0,1,0,0,0,0,0,1,1,0,1,1,0,1,0,0,0,1,0,1,1,1,0,1,1,1,1,0,1,1
Goodware,0,0,1,0,1,0,1,1,0,1,1,1,0,0,0,1,1,0,0,1,1,0,1,0,1,1,0,0,0,1,0,1,1,1,1,1,1,1,1,0,0,1,0,0,0,0,0,0,1,0,0,0,0,0,1,1,0,1,1,0,1,0,0,0,1,0,1,1,1,0,1,1,1,1,0,1,1
Goodware,0,0,1,0,1,0,1,1,0,1,1,1,0,0,0,1,1,0,0,1,1,0,1,0,1,1,0,0,0,1,0,1,1,1,1,1,1,1,1,0,0,1,0,0,0,0,0,0,1,0,0,0,0,0,1,1,0,1,1,0,1,0,0,0,1,0,1,1,1,0,1,1,1,1,0,1,1
Goodware,0,0,0,0,0,0,0,0,0,0,0,0,1,0,0,0,0,0,0,0,1,0,0,0,0,0,0,0,0,1,0,0,0,1,0,0,0,0,0,0,0,0,0,0,0,0,0,0,0,0,0,0,0,0,0,1,0,0,0,0,0,0,0,0,1,0,1,0,0,0,0,1,1,1,0,1,1
Goodware,0,0,0,0,0,1,0,1,0,0,0,0,0,0,0,0,0,0,0,1,0,0,1,0,0,0,0,0,0,1,0,0,1,0,0,0,0,0,0,0,0,0,0,0,0,0,0,0,0,1,0,0,0,0,1,1,0,1,0,0,0,0,0,0,1,0,1,0,0,0,0,1,1,1,0,1,1
Goodware,0,0,0,0,0,1,0,1,0,0,1,0,1,0,0,0,0,0,0,1,0,0,1,1,0,0,0,0,0,1,0,0,0,0,1,1,0,0,0,0,0,1,1,0,0,1,0,0,0,1,0,0,1,0,1,0,0,0,0,0,0,0,0,0,1,0,1,0,0,0,0,1,1,1,0,1,1
Goodware,0,0,1,1,1,1,1,1,1,1,0,1,1,0,0,0,0,0,0,1,1,0,1,0,1,1,0,0,0,1,0,0,1,1,1,1,1,0,1,1,0,0,0,1,0,1,1,0,1,1,1,0,1,1,1,1,0,1,1,0,1,0,0,0,1,0,1,1,1,0,1,1,1,1,0,1,1
Goodware,0,0,0,0,0,0,0,0,0,0,0,0,0,0,0,0,0,0,0,0,0,0,0,0,0,0,0,0,0,0,0,0,0,1,0,0,0,0,0,0,0,0,0,0,0,0,0,0,0,0,0,0,0,0,0,0,0,0,0,0,0,0,0,0,1,0,0,0,0,0,0,0,0,1,0,0,1
Goodware,0,0,1,0,0,1,0,0,0,0,1,0,0,0,0,0,0,0,0,1,0,0,1,1,0,0,0,0,0,1,0,0,1,1,0,1,1,1,1,0,0,1,0,0,0,1,0,1,1,1,0,0,1,0,0,1,0,1,1,1,1,0,0,0,1,0,1,0,1,0,1,1,1,1,0,1,1
Goodware,0,0,0,0,0,0,0,1,0,0,0,0,0,0,0,0,0,0,0,0,1,0,0,0,0,0,0,0,0,0,0,0,0,0,0,0,0,0,0,0,0,0,0,0,0,0,0,0,0,0,0,0,0,0,1,0,0,0,0,0,0,0,0,0,1,0,1,0,0,0,0,1,1,1,0,1,1
Goodware,0,0,0,0,0,0,0,1,0,0,0,0,0,0,0,0,0,0,0,0,1,0,0,0,0,0,0,0,0,1,0,0,0,1,0,0,0,0,0,0,0,0,0,0,0,0,0,0,0,0,0,0,0,0,1,0,0,1,0,0,0,0,0,0,1,0,1,0,0,0,0,1,1,1,0,1,1
Goodware,0,0,0,0,0,0,0,0,0,0,0,0,1,0,0,0,0,0,0,0,0,0,0,0,0,0,0,0,0,0,0,1,0,0,0,0,0,0,0,0,0,0,0,0,0,0,0,0,0,0,0,0,0,0,0,0,0,0,0,0,0,0,0,0,1,0,0,0,0,0,0,0,0,1,0,0,1
Goodware,0,0,0,0,0,1,0,1,0,0,1,0,0,0,0,0,0,0,0,0,0,0,0,0,0,0,0,0,0,1,0,0,0,0,0,0,0,0,0,0,0,0,0,0,0,0,0,0,0,1,0,0,0,0,1,1,0,1,0,0,0,0,0,0,1,0,0,0,0,0,0,0,0,1,0,0,1
Goodware,0,0,0,0,0,0,0,1,0,0,0,0,0,0,0,0,0,0,0,1,1,0,0,0,0,0,0,0,0,1,0,0,1,0,1,0,0,0,0,0,0,0,0,0,0,0,0,0,0,0,0,0,0,0,1,0,0,1,0,0,0,0,0,0,1,0,1,0,0,0,0,1,1,1,0,1,1
Goodware,0,0,1,1,1,1,1,1,1,1,1,1,1,0,0,1,1,0,1,1,1,1,1,0,1,1,0,0,0,1,0,0,1,1,1,1,1,1,1,1,0,1,1,1,0,1,1,1,1,1,1,0,1,1,1,1,0,1,1,1,1,0,0,0,1,0,1,1,1,0,1,1,1,1,0,1,1
Goodware,0,0,1,1,0,1,1,1,0,1,1,1,1,0,0,0,0,0,0,1,1,0,1,1,1,1,0,0,0,1,1,0,1,1,1,1,1,1,1,0,0,1,0,1,0,1,1,1,1,1,0,0,1,1,1,1,0,1,1,1,1,1,0,0,1,1,1,1,1,1,1,1,1,1,1,1,1
Goodware,0,1,1,0,0,1,1,1,0,1,1,1,1,0,0,0,0,0,1,1,1,0,1,1,1,1,0,0,1,1,1,0,1,1,1,1,1,0,1,0,0,1,0,0,0,1,0,1,1,1,0,1,1,0,1,1,1,1,1,1,1,0,0,0,1,0,1,1,1,0,1,1,1,1,0,1,1
Goodware,0,0,1,0,0,0,0,1,0,0,1,0,0,0,0,1,1,0,1,1,1,0,1,0,0,0,0,0,0,1,1,1,1,1,0,1,1,1,1,1,0,0,1,0,0,1,0,1,1,0,1,0,1,0,1,1,0,1,1,1,1,0,0,0,1,0,1,0,1,0,1,1,1,1,0,1,1
Goodware,0,0,1,1,1,1,1,1,0,1,1,1,1,0,0,1,1,0,0,1,1,0,1,1,1,1,1,0,0,1,1,0,1,1,1,1,1,0,1,0,1,0,0,1,0,1,1,1,1,1,1,0,1,1,1,1,0,1,1,1,1,0,0,0,1,0,1,1,1,0,1,1,1,1,0,1,1
Goodware,0,0,1,0,0,1,0,0,0,0,0,0,1,0,0,1,0,1,1,1,1,0,1,1,0,0,0,0,0,1,0,0,1,1,0,1,1,1,1,0,0,0,0,0,0,1,0,1,1,1,0,0,1,0,0,1,0,1,1,1,1,0,0,0,1,0,1,0,1,0,1,1,1,1,0,1,1
Goodware,0,0,1,0,1,0,0,1,0,1,1,1,0,1,1,0,0,0,0,1,1,0,1,0,0,0,0,0,0,1,0,0,1,1,1,1,1,1,1,0,0,1,0,0,0,1,1,0,1,0,0,0,1,0,1,1,0,1,1,0,1,0,0,0,1,0,1,0,1,0,1,1,1,1,0,1,1
Goodware,0,0,1,1,0,1,0,1,0,0,1,0,0,0,0,1,1,0,0,1,1,0,1,0,0,0,0,0,0,1,0,0,0,1,0,0,1,0,1,0,1,0,1,0,0,1,0,0,1,1,1,0,1,1,1,0,0,1,1,0,1,0,0,0,1,0,1,0,0,0,1,1,1,1,0,1,1
Goodware,0,0,1,0,1,0,1,1,0,1,1,1,0,0,0,1,1,0,0,1,1,0,1,0,1,1,0,0,0,1,0,1,1,1,1,1,1,1,1,0,0,1,0,0,0,0,0,0,1,0,0,0,0,0,1,1,0,1,1,0,1,0,0,0,1,0,1,1,0,0,1,1,1,1,0,1,1
Goodware,0,0,1,1,1,1,1,1,1,1,1,1,1,1,1,1,1,0,1,1,1,1,1,1,1,1,0,0,0,1,1,0,1,1,1,1,1,1,1,1,0,1,1,1,0,1,1,1,1,1,1,0,1,1,1,1,0,1,1,1,1,0,0,0,1,0,1,1,1,0,1,1,1,1,0,1,1
Goodware,0,0,0,0,0,0,0,0,0,0,0,0,1,0,0,0,0,0,0,1,0,0,1,0,0,0,0,0,0,1,0,0,1,0,0,1,1,0,0,0,0,0,0,0,0,1,0,0,0,0,0,0,0,0,0,1,0,1,1,0,0,0,0,0,1,0,1,0,0,0,1,1,1,1,0,1,1
Goodware,0,0,1,1,1,1,1,1,1,1,1,1,0,0,0,1,1,0,0,1,1,0,1,0,1,1,0,0,1,1,1,0,1,1,1,1,1,1,1,0,0,1,1,0,0,1,0,1,1,1,0,0,1,1,1,1,1,1,1,1,1,0,0,0,1,0,1,1,1,0,1,1,1,1,0,1,1
Goodware,0,0,1,0,1,0,1,1,0,1,1,1,0,0,0,1,1,0,0,1,1,0,1,0,1,1,0,0,0,1,0,1,1,1,1,1,1,1,1,0,0,1,0,0,0,0,0,0,1,0,0,0,0,0,1,1,0,1,1,0,1,0,0,0,1,0,1,1,1,0,1,1,1,1,0,1,1
Goodware,0,0,1,1,1,1,1,1,1,1,1,1,1,0,0,1,1,1,0,1,1,0,1,1,1,1,1,0,1,1,1,0,1,1,1,1,1,1,1,0,1,1,1,1,0,1,1,1,1,1,1,0,1,1,1,1,1,1,1,1,1,0,0,0,1,0,1,1,1,0,1,1,1,1,0,1,1
Goodware,0,0,1,0,0,1,0,1,0,0,1,0,0,0,0,1,1,0,0,1,1,0,1,0,0,0,0,0,0,1,1,0,1,1,1,1,1,0,1,0,0,1,1,0,0,1,0,0,1,1,0,0,1,0,1,0,0,1,1,1,1,0,0,0,1,0,1,0,0,0,1,1,1,1,0,1,1
Goodware,0,0,1,1,0,1,0,1,0,1,1,1,1,0,0,0,0,0,0,1,1,0,1,1,1,1,0,0,0,1,0,0,1,1,1,1,1,0,1,0,0,1,0,0,0,1,1,1,1,1,0,0,1,1,1,0,0,1,1,1,1,0,0,0,1,0,1,1,1,0,1,1,1,1,0,1,1
Goodware,0,0,1,1,1,1,1,1,1,1,1,1,1,1,1,1,1,1,1,1,1,1,1,0,1,1,0,0,0,1,0,1,1,1,1,1,1,1,1,1,0,1,1,0,0,1,1,1,1,1,1,0,1,1,1,1,0,1,1,1,1,0,0,0,1,0,1,1,1,0,1,1,1,1,0,1,1
Goodware,0,0,1,1,1,1,1,1,1,1,1,1,1,0,0,1,1,0,1,1,1,1,1,1,1,1,0,0,0,1,0,0,1,1,1,1,1,1,1,1,0,1,1,1,0,1,1,1,1,1,1,0,1,1,1,1,0,1,1,1,1,0,0,0,1,0,1,1,1,0,1,1,1,1,0,1,1
Goodware,0,0,1,0,1,0,1,1,0,1,1,1,0,0,0,1,1,0,0,1,1,0,1,1,1,1,0,0,0,1,0,1,1,1,1,1,1,1,1,0,0,1,0,0,0,1,1,0,1,0,0,0,0,0,1,1,0,1,1,0,1,0,0,0,1,0,1,1,1,0,1,1,1,1,0,1,1
Goodware,0,0,1,1,1,1,1,1,1,1,1,1,0,1,1,1,1,0,0,1,1,0,1,0,1,1,1,0,0,1,0,0,1,1,1,1,1,1,1,1,0,1,1,0,0,1,1,1,1,1,1,0,1,1,1,1,0,1,1,1,1,0,0,0,1,0,1,1,1,0,1,1,1,1,0,1,1
Goodware,0,0,1,1,1,1,1,1,1,1,1,1,1,1,1,1,0,1,1,1,1,0,1,0,1,1,0,0,0,1,1,1,1,1,1,1,1,1,1,0,0,1,1,1,0,1,1,1,1,1,0,0,1,1,1,1,0,1,1,1,1,0,0,0,1,0,1,1,1,0,1,1,1,1,0,1,1
Goodware,1,0,1,1,1,1,1,1,1,1,1,1,1,0,0,1,1,0,1,1,1,1,1,1,1,1,0,0,0,1,0,1,1,1,1,1,1,1,1,1,0,1,1,1,0,1,0,1,1,1,1,1,1,1,1,1,0,1,1,1,1,0,0,0,1,0,1,1,1,0,1,1,1,1,0,1,1
Goodware,0,0,1,1,1,1,1,1,1,1,1,1,0,0,0,1,1,0,0,1,1,0,1,1,1,1,1,0,1,1,1,0,1,1,1,1,1,1,1,0,1,1,1,0,0,1,0,1,1,1,1,0,1,1,1,1,1,1,1,1,1,0,0,0,1,0,1,1,1,0,1,1,1,1,0,1,1
Goodware,0,1,1,1,1,1,1,1,1,1,1,1,1,0,0,1,1,0,1,1,1,0,1,1,1,1,0,1,1,1,1,1,1,1,1,1,1,1,1,1,0,1,1,1,0,1,1,1,1,1,1,1,1,1,1,1,1,1,1,1,1,0,0,0,1,1,1,1,1,1,1,1,1,1,1,1,1
Goodware,0,0,1,1,1,1,1,1,1,1,1,1,1,1,1,1,1,0,0,1,1,0,1,0,1,1,0,0,1,1,1,0,1,1,1,1,1,1,1,0,1,1,1,0,0,1,1,1,1,1,1,0,1,1,1,1,1,1,1,1,1,0,0,0,1,0,1,1,1,0,1,1,1,1,0,1,1
Goodware,0,0,1,1,1,1,1,1,1,1,1,1,0,0,0,1,1,1,0,1,1,0,1,1,1,1,1,0,1,1,1,0,1,1,1,1,1,1,1,0,1,1,0,1,0,1,1,1,1,1,1,0,1,1,1,1,1,1,1,1,1,0,0,0,1,0,1,1,1,0,1,1,1,1,0,1,1
Goodware,0,0,1,1,1,1,1,1,1,1,1,1,1,0,0,1,1,0,0,1,1,0,1,1,1,1,0,0,0,1,0,0,1,1,1,1,1,1,1,1,0,1,1,1,1,1,1,1,1,1,1,0,1,1,1,1,0,1,1,1,1,0,0,0,1,0,1,1,1,0,1,1,1,1,0,1,1
Goodware,0,0,1,0,1,1,1,1,0,1,1,1,0,1,1,0,0,0,0,1,1,0,1,1,1,1,1,0,0,1,0,0,1,1,1,1,1,1,1,0,0,0,0,0,0,1,1,0,1,1,0,0,1,0,1,1,0,1,1,0,1,0,0,0,1,0,1,1,1,0,1,1,1,1,0,1,1
Goodware,0,0,1,0,0,1,0,1,0,0,1,0,0,0,0,0,0,0,1,1,1,0,1,0,0,0,0,0,0,1,1,1,1,1,0,1,1,1,1,1,0,0,1,0,0,1,0,1,1,1,1,0,1,0,1,1,0,1,1,1,1,0,0,0,1,0,1,0,1,0,1,1,1,1,0,1,1
Goodware,0,0,1,1,0,0,0,1,0,0,0,0,0,0,0,0,0,1,0,1,1,0,1,1,1,1,0,0,0,1,0,0,0,1,0,0,1,0,1,0,0,0,0,0,0,1,0,1,1,0,0,0,1,1,1,1,0,1,1,0,1,0,0,0,1,0,1,1,1,0,1,1,1,1,0,1,1
Goodware,0,0,1,1,1,1,1,1,1,1,1,1,0,1,1,1,1,0,0,1,1,0,1,0,1,1,0,0,1,1,0,0,1,1,1,1,1,1,1,0,0,1,1,0,0,1,1,1,1,1,0,0,1,1,1,1,1,1,1,0,1,0,0,0,1,0,1,1,1,0,1,1,1,1,0,1,1
Goodware,0,0,1,1,0,1,1,1,0,1,1,1,0,0,0,0,0,0,1,1,1,0,1,1,1,1,0,0,0,1,0,0,1,1,1,1,1,0,1,0,0,1,0,0,0,1,1,1,1,1,0,0,1,1,1,1,0,1,1,1,1,0,0,0,1,0,1,1,1,0,1,1,1,1,0,1,1
Goodware,0,0,1,1,1,1,1,1,1,1,1,1,0,1,1,1,1,0,1,1,1,1,1,1,1,1,1,0,0,1,0,0,1,1,1,1,1,1,1,0,0,1,1,0,0,1,1,1,1,1,0,0,1,1,1,1,0,1,1,1,1,0,0,0,1,0,1,1,1,0,1,1,1,1,0,1,1
Goodware,1,0,1,1,1,1,1,1,1,1,1,1,1,0,0,0,0,1,1,1,1,0,1,1,1,1,1,0,1,1,1,1,1,1,1,1,1,1,1,1,0,0,1,1,0,1,1,1,1,1,1,1,1,1,1,1,1,1,1,1,1,0,0,0,1,0,1,1,1,0,1,1,1,1,0,1,1
Goodware,0,0,0,0,0,0,0,0,0,0,0,0,0,0,0,1,1,0,0,1,0,0,1,0,0,0,0,0,0,1,0,0,1,1,0,0,0,0,0,0,0,0,0,0,0,0,0,0,0,0,0,0,0,0,0,1,0,1,0,0,0,0,0,0,1,0,1,0,0,0,0,1,1,1,0,1,1
Goodware,0,0,1,0,1,1,1,1,1,1,1,1,1,0,0,1,1,0,1,1,1,0,1,1,1,1,0,0,0,1,0,0,1,1,1,1,1,1,1,1,0,1,1,0,0,1,1,1,1,1,1,0,1,0,1,1,0,1,1,0,1,0,0,0,1,0,1,1,1,0,1,1,1,1,0,1,1
Goodware,0,0,1,1,1,1,1,1,1,1,1,1,1,0,0,1,1,0,0,1,1,0,1,1,1,1,0,0,0,1,0,0,1,1,1,1,1,1,1,1,0,1,1,1,1,1,1,1,1,1,1,0,1,1,1,1,0,1,1,1,1,0,0,0,1,0,1,1,1,0,1,1,1,1,0,1,1
Goodware,0,0,0,1,0,0,0,1,0,0,0,0,0,0,0,0,0,0,0,1,0,0,1,1,0,0,0,0,0,1,0,0,1,0,0,1,1,0,1,0,0,0,0,0,0,1,0,0,0,0,0,0,1,1,1,1,0,1,1,1,1,0,0,0,1,0,1,0,0,0,1,1,1,1,0,1,1
Goodware,0,0,0,1,1,1,0,1,0,0,1,1,1,0,0,1,1,0,1,1,1,0,1,1,1,1,0,0,0,1,1,0,1,1,1,0,1,1,1,0,0,0,0,0,0,1,1,0,0,1,0,0,1,1,1,1,0,1,1,1,1,0,0,0,1,0,1,1,1,0,1,1,1,1,0,1,1
Goodware,0,0,0,0,0,0,0,0,0,0,0,0,0,0,0,0,0,0,0,0,1,0,1,0,0,0,0,0,0,1,0,0,1,0,0,0,0,0,0,0,0,0,0,0,0,0,0,0,0,0,0,0,0,0,0,1,0,1,0,0,0,0,0,0,1,0,1,0,0,0,0,1,1,1,0,1,1
Goodware,0,0,1,1,1,1,1,1,1,1,1,1,1,1,1,1,1,0,1,1,1,1,1,0,1,1,1,0,0,1,0,0,1,1,1,1,1,1,1,1,0,1,1,1,0,1,1,1,1,1,1,0,1,1,1,1,0,1,1,1,1,0,0,0,1,0,1,1,1,0,1,1,1,1,0,1,1
Goodware,0,0,1,1,1,1,1,1,0,0,1,0,1,0,0,1,1,1,1,1,1,0,1,1,0,0,1,0,0,1,1,0,1,1,1,1,1,1,1,0,1,0,1,1,0,1,0,1,1,1,1,0,1,1,1,1,0,1,1,1,1,0,0,0,1,0,1,1,1,0,1,1,1,1,0,1,1
Goodware,1,0,1,1,1,1,1,1,0,1,1,1,1,0,0,0,1,1,1,1,1,0,1,1,1,1,1,0,0,1,0,0,1,1,1,1,1,1,1,0,0,1,1,0,0,1,1,1,1,1,0,1,1,1,1,1,0,1,1,1,1,0,0,0,1,0,1,1,1,0,1,1,1,1,0,1,1
Goodware,0,0,1,0,0,1,1,1,0,1,1,1,0,0,0,1,1,0,1,1,1,1,1,0,1,1,0,0,0,1,0,0,1,1,1,1,1,1,1,0,0,1,1,0,0,1,1,1,1,1,0,0,1,0,1,1,0,1,1,0,1,0,0,0,1,0,1,1,1,0,1,1,1,1,0,1,1
Goodware,0,0,1,1,1,1,1,1,1,1,1,1,1,0,0,1,1,0,0,1,1,0,1,1,1,1,0,0,1,1,0,0,1,1,1,1,1,1,1,1,0,1,1,1,1,1,1,1,1,1,1,0,1,1,1,1,1,1,1,1,1,0,0,0,1,0,1,1,1,0,1,1,1,1,0,1,1
Goodware,0,0,1,1,0,1,0,1,0,0,1,0,0,0,0,0,0,0,0,1,1,0,1,0,0,0,0,0,0,1,0,0,0,1,0,0,1,0,1,0,1,0,1,0,0,1,0,0,1,1,1,0,1,1,1,0,0,1,1,0,1,0,0,0,1,0,1,0,0,0,1,1,1,1,0,1,1
Goodware,0,0,1,0,1,0,1,1,0,1,1,1,0,0,0,1,1,0,0,1,1,0,1,0,1,1,0,0,0,1,0,1,1,1,1,1,1,0,0,0,0,1,0,0,0,0,0,0,1,0,0,0,0,0,1,1,0,1,1,0,0,0,0,0,1,0,1,1,0,0,1,1,1,1,0,1,1
Goodware,0,0,1,1,0,1,1,1,0,0,1,1,1,0,0,1,1,1,1,1,1,0,1,1,0,0,1,0,0,1,1,0,1,1,1,1,1,0,1,0,0,0,1,0,0,1,0,1,1,1,0,0,1,1,1,1,0,1,1,1,1,0,0,0,1,0,1,1,1,0,1,1,1,1,0,1,1
Goodware,0,1,1,1,1,1,1,1,0,0,1,0,1,0,0,1,1,1,0,1,1,0,1,1,1,1,0,0,1,1,1,1,1,1,1,1,1,1,1,0,0,0,1,0,0,1,1,1,1,1,0,1,1,1,1,1,1,1,1,1,1,0,0,0,1,0,1,1,1,0,1,1,1,1,0,1,1
Goodware,0,0,1,1,1,1,1,1,1,1,1,1,1,0,0,1,1,0,1,1,1,1,1,1,1,1,0,0,0,1,1,1,1,1,1,1,1,1,1,1,0,1,1,0,0,1,1,1,1,1,1,0,1,1,1,1,0,1,1,1,1,0,0,0,1,0,1,1,1,0,1,1,1,1,0,1,1
Goodware,0,1,1,1,1,1,1,1,0,0,1,0,1,0,0,1,1,1,0,1,1,0,1,1,0,0,1,0,0,1,1,0,1,1,1,1,1,1,1,0,1,0,1,1,0,1,0,1,1,1,1,1,1,1,1,1,0,1,1,1,1,0,0,0,1,0,1,1,1,0,1,1,1,1,0,1,1
Goodware,0,0,1,0,1,1,1,1,1,1,1,1,1,0,0,1,1,1,1,1,1,0,1,1,1,1,0,0,0,1,0,0,1,1,1,1,1,1,1,1,0,1,0,0,0,1,1,1,1,1,1,0,1,0,1,1,0,1,1,1,1,0,0,0,1,0,1,1,1,0,1,1,1,1,0,1,1
Goodware,0,0,1,0,1,0,1,1,0,1,1,1,0,0,0,1,1,0,0,1,1,0,1,0,1,1,0,0,0,1,0,1,1,1,1,1,1,0,0,0,0,1,0,0,0,0,0,0,1,0,0,0,0,0,1,1,0,1,1,0,0,0,0,0,1,0,1,1,0,0,1,1,1,1,0,1,1
Goodware,0,0,1,1,0,1,0,1,0,0,0,0,0,0,0,1,1,0,0,1,1,0,1,0,0,0,0,0,1,1,0,0,0,0,1,0,0,0,1,0,1,0,0,1,0,1,0,0,1,1,1,0,1,1,1,0,1,1,0,0,1,0,0,0,1,0,1,0,1,0,1,1,1,1,0,1,1
Goodware,0,0,1,1,1,1,1,1,1,1,1,1,0,1,1,1,1,0,0,1,1,0,1,0,1,1,1,0,0,1,0,0,1,1,1,1,1,1,1,1,0,1,1,0,0,1,1,1,1,1,1,0,1,1,1,1,0,1,1,1,1,0,0,0,1,0,1,1,1,0,1,1,1,1,0,1,1
Goodware,0,0,1,0,1,0,1,1,0,1,1,1,0,0,0,1,1,0,0,1,1,0,1,0,1,1,0,0,0,1,0,1,1,1,1,1,1,0,0,0,0,1,0,0,0,0,0,0,1,0,0,0,0,0,1,1,0,1,1,0,0,0,0,0,1,0,1,1,0,0,1,1,1,1,0,1,1
Goodware,1,0,1,0,1,1,1,1,1,1,1,1,1,0,0,1,1,1,1,1,1,0,1,1,1,1,0,0,0,1,0,0,1,1,1,1,1,1,1,0,0,1,0,0,0,1,0,1,1,1,0,1,1,0,1,1,0,1,1,1,1,0,0,0,1,0,1,1,1,0,1,1,1,1,0,1,1
Goodware,0,0,1,1,1,1,1,1,1,0,1,1,1,1,1,1,1,1,1,1,1,1,1,1,1,1,1,1,1,1,1,0,1,1,1,1,1,1,1,1,1,0,1,1,0,1,1,1,1,1,1,0,1,1,1,1,1,1,1,1,1,0,0,0,1,1,1,1,1,1,1,1,1,1,1,1,1
Goodware,0,0,1,1,0,1,1,1,0,1,1,1,0,0,0,0,0,0,1,1,1,0,1,1,1,1,0,0,0,1,0,0,1,1,1,1,1,1,1,0,0,1,0,0,0,1,1,1,1,1,0,0,1,1,1,1,0,1,1,1,1,0,0,0,1,0,1,1,1,0,1,1,1,1,0,1,1
Goodware,0,0,0,0,0,1,0,1,0,0,0,0,0,0,0,0,0,0,0,0,1,0,1,0,0,0,0,0,0,0,0,0,0,0,0,0,0,0,0,0,0,0,0,0,0,0,0,0,0,1,0,0,0,0,1,0,0,0,0,0,0,0,0,0,1,0,1,0,0,0,0,1,1,1,0,1,1
Goodware,0,0,1,1,0,0,0,1,0,0,0,0,1,0,0,0,0,0,0,0,1,0,1,0,0,0,0,0,0,1,0,0,1,1,1,0,1,0,1,1,0,0,0,1,0,1,0,1,1,0,1,0,1,1,1,0,0,1,1,0,1,0,0,0,1,0,1,0,1,0,1,1,1,1,0,1,1
Goodware,0,0,1,0,1,0,1,1,0,1,1,1,0,0,0,1,1,0,0,1,1,0,1,0,1,1,0,0,0,1,0,1,1,1,1,1,1,1,1,0,0,1,0,0,0,0,0,0,1,0,0,0,0,0,1,1,0,1,1,0,1,0,0,0,1,0,1,1,1,0,1,1,1,1,0,1,1
Goodware,0,0,1,0,1,1,1,1,1,1,1,1,0,1,1,1,1,0,1,1,1,0,1,0,1,1,0,0,0,1,0,0,1,1,1,1,1,1,1,1,0,1,0,0,0,1,1,1,1,1,1,0,1,0,1,1,0,1,1,1,1,0,0,0,1,0,1,1,1,0,1,1,1,1,0,1,1
Goodware,0,0,1,1,1,1,1,1,0,0,1,0,1,0,0,1,1,1,1,1,1,0,1,1,0,0,1,0,0,1,1,1,1,1,1,1,1,1,1,0,1,0,1,1,0,1,0,1,1,1,1,0,1,1,1,1,0,1,1,1,1,0,0,0,1,0,1,1,1,0,1,1,1,1,0,1,1
Goodware,0,0,0,0,0,0,0,0,0,0,0,0,0,0,0,0,0,0,0,0,1,0,0,0,0,0,0,0,0,0,0,1,0,0,0,0,0,0,0,0,0,0,0,0,0,0,0,0,0,0,0,0,0,0,0,0,0,0,0,0,0,0,0,0,0,0,1,0,0,0,0,1,1,0,0,1,0
Goodware,0,0,1,1,1,1,1,1,1,1,1,1,0,0,0,1,1,0,1,1,1,1,1,0,1,1,0,0,0,1,0,0,1,1,1,1,1,1,1,1,0,1,1,0,0,1,1,1,1,1,1,0,1,1,1,1,0,1,1,1,1,0,0,0,1,0,1,1,1,0,1,1,1,1,0,1,1
Goodware,0,0,1,1,1,1,1,1,1,1,1,1,1,1,1,1,1,1,1,1,1,1,1,1,1,1,1,0,0,1,1,0,1,1,1,1,1,1,1,1,0,1,1,1,0,1,1,1,1,1,1,0,1,1,1,1,0,1,1,1,1,0,0,0,1,0,1,1,1,0,1,1,1,1,0,1,1
Goodware,0,0,1,0,0,1,0,1,0,0,1,0,0,0,0,1,1,0,0,1,1,0,1,0,0,0,0,0,0,1,1,0,1,1,1,1,1,0,1,0,0,1,1,0,0,1,0,0,1,1,0,0,1,0,1,0,0,1,1,1,1,0,0,0,1,0,1,0,0,0,1,1,1,1,0,1,1
Goodware,0,0,0,0,0,1,0,0,0,0,0,0,0,0,0,0,0,0,0,1,1,0,0,0,0,0,0,0,0,0,1,1,1,0,1,0,0,0,0,0,0,0,0,0,0,0,0,0,0,1,0,0,0,0,0,0,0,0,0,1,0,0,0,0,1,0,1,0,0,0,0,1,1,1,0,1,1
Goodware,0,0,1,1,1,1,1,1,1,1,1,1,1,0,0,1,1,0,0,1,1,0,1,1,1,1,1,0,1,1,1,0,1,1,1,1,1,1,1,0,0,0,0,0,0,1,1,1,1,1,0,0,1,1,1,1,1,1,1,1,1,0,0,0,1,0,1,1,1,0,1,1,1,1,0,1,1
Goodware,0,0,0,0,1,0,0,0,0,0,0,0,0,0,0,1,1,0,0,0,1,0,1,0,0,0,0,0,0,1,0,0,1,0,0,0,0,0,0,0,0,0,0,0,0,0,0,0,0,0,0,0,0,0,0,0,0,1,0,1,0,0,0,0,1,0,1,0,0,0,0,1,1,1,0,1,1
Goodware,0,0,1,1,1,1,1,1,1,1,1,1,1,0,0,1,1,0,0,1,1,0,1,1,1,1,0,0,0,1,0,0,1,1,1,1,1,1,1,1,0,1,1,1,1,1,1,1,1,1,1,0,1,1,1,1,0,1,1,1,1,0,0,0,1,0,1,1,1,0,1,1,1,1,0,1,1
Goodware,0,0,1,0,1,0,1,1,0,1,1,1,0,0,0,1,1,0,0,1,1,0,1,0,1,1,0,0,0,1,0,1,1,1,1,1,1,0,0,0,0,1,0,0,0,0,0,0,1,0,0,0,0,0,1,1,0,1,1,0,0,0,0,0,1,0,1,1,0,0,1,1,1,1,0,1,1
Goodware,0,0,0,1,0,1,0,1,0,1,0,1,1,0,0,0,0,0,0,1,1,0,1,1,1,1,0,0,0,1,0,0,1,1,1,1,1,0,1,0,0,1,0,0,0,1,1,1,0,1,0,0,1,1,1,0,0,1,1,1,1,0,0,0,1,0,1,1,1,0,1,1,1,1,0,1,1
Goodware,0,0,1,1,1,1,1,1,1,1,1,1,1,1,1,1,1,0,0,1,1,0,1,0,1,1,1,0,1,1,1,0,1,1,1,1,1,1,1,0,1,1,1,0,0,1,1,1,1,1,1,0,1,1,1,1,1,1,1,1,1,0,0,0,1,0,1,1,1,0,1,1,1,1,0,1,1
Goodware,0,1,1,1,0,1,1,1,1,0,1,1,1,0,0,1,1,1,0,1,1,0,1,1,1,1,1,0,0,1,1,1,1,1,1,1,1,1,1,0,1,0,1,1,0,1,0,1,1,1,1,1,1,1,1,1,0,1,1,1,1,0,0,0,1,0,1,1,1,0,1,1,1,1,0,1,1
Goodware,0,0,1,0,1,0,1,1,0,1,1,1,0,0,0,1,1,0,0,1,1,0,1,0,1,1,0,0,0,1,0,1,1,1,1,1,1,1,1,0,0,1,0,0,0,0,0,0,1,0,0,0,0,0,1,1,0,1,1,0,1,0,0,0,1,0,1,1,1,0,1,1,1,1,0,1,1
Goodware,0,0,1,1,1,1,1,1,1,1,1,1,0,1,1,1,1,0,0,1,1,0,1,1,1,1,1,0,1,1,1,0,1,1,1,1,1,0,1,0,1,1,1,0,0,1,0,1,1,1,1,0,1,1,1,1,1,1,1,1,1,0,0,0,1,0,1,1,1,0,1,1,1,1,0,1,1
Goodware,0,0,1,1,1,1,1,1,1,1,1,1,0,0,0,1,1,0,1,1,1,1,1,0,1,1,1,0,0,1,0,0,1,1,1,1,1,1,1,1,0,1,1,0,0,1,1,1,1,1,1,0,1,1,1,1,0,1,1,1,1,0,0,0,1,0,1,1,1,0,1,1,1,1,0,1,1
Goodware,0,0,0,1,0,0,0,1,0,1,0,1,1,0,0,0,0,0,0,1,1,0,1,1,1,1,0,0,0,1,0,0,1,1,1,1,1,1,1,0,0,1,0,0,0,1,1,1,0,0,0,0,1,1,1,0,0,1,1,1,1,0,0,0,1,0,1,1,1,0,1,1,1,1,0,1,1
Goodware,0,0,1,1,1,1,1,1,1,1,1,1,1,0,0,1,1,0,0,1,1,0,1,1,1,1,0,0,1,1,0,0,1,1,1,1,1,1,1,1,0,1,1,1,1,1,1,1,1,1,1,0,1,1,1,1,1,1,1,1,1,0,0,0,1,0,1,1,1,0,1,1,1,1,0,1,1
Goodware,0,0,1,0,0,1,1,1,0,1,1,1,0,0,0,1,1,0,1,1,1,1,1,0,1,1,0,0,0,1,0,0,1,1,1,1,1,1,1,0,0,1,1,0,0,1,1,1,1,1,0,0,1,0,1,1,0,1,1,0,1,0,0,0,1,0,1,1,1,0,1,1,1,1,0,1,1
Goodware,0,0,1,1,1,1,1,1,0,1,0,1,1,0,0,1,1,0,1,1,1,0,1,1,1,1,0,0,0,1,0,0,1,1,1,1,1,0,1,0,1,1,0,0,0,1,1,0,1,1,1,0,1,1,1,1,0,1,1,1,1,0,0,0,1,0,1,1,1,0,1,1,1,1,0,1,1
Goodware,0,0,0,0,0,0,0,0,0,0,0,0,0,0,0,0,0,0,0,1,1,0,1,0,0,0,0,0,0,1,0,0,0,1,0,0,0,0,0,0,0,0,0,0,0,0,0,0,0,0,0,0,0,0,0,0,0,1,0,0,0,0,0,0,1,0,1,0,0,0,0,1,1,1,0,1,1
Goodware,0,0,1,1,0,0,0,1,0,0,1,0,0,0,0,1,1,0,0,1,1,0,1,0,0,0,0,0,0,1,0,0,0,1,0,0,1,0,1,0,1,0,1,0,0,1,0,0,1,0,1,0,1,1,1,0,0,1,1,0,1,0,0,0,1,0,1,0,0,0,1,1,1,1,0,1,1
Goodware,0,0,1,1,0,1,0,1,0,0,1,0,0,0,0,1,1,0,1,1,1,1,1,0,0,0,0,0,0,1,0,0,0,1,1,0,1,0,1,1,0,0,1,0,0,1,0,0,1,1,1,0,1,1,1,0,0,1,1,0,1,0,0,0,1,0,1,0,1,0,1,1,1,1,0,1,1
Goodware,0,0,1,0,1,1,0,1,0,0,0,0,1,0,0,1,1,0,0,1,1,0,1,1,0,0,0,0,0,1,0,0,1,1,1,0,0,0,1,0,0,0,0,0,0,0,0,0,1,1,0,0,1,0,1,1,0,1,0,1,1,0,0,0,1,0,1,0,1,0,1,1,1,1,0,1,1
Goodware,1,0,1,0,1,1,1,1,1,1,1,1,1,0,0,0,0,0,1,1,1,0,1,1,1,1,1,0,0,1,0,0,1,1,1,1,1,1,1,0,0,1,0,0,0,1,1,1,1,1,0,1,1,0,1,1,0,1,1,1,1,0,0,0,1,0,1,1,1,0,1,1,1,1,0,1,1
Goodware,0,0,0,0,1,1,1,1,0,0,1,0,1,0,0,0,0,1,0,1,1,0,1,0,0,0,0,0,0,1,0,1,1,1,1,1,1,1,1,0,0,1,0,0,0,1,0,0,0,1,0,0,1,0,1,1,0,1,1,0,1,0,0,0,1,0,1,0,0,0,1,1,1,1,0,1,1
Goodware,0,0,1,1,0,1,1,1,0,1,1,1,1,0,0,0,0,0,0,1,1,0,1,1,1,1,0,0,0,1,0,0,1,1,1,1,1,1,1,1,0,1,0,1,0,1,1,1,1,1,1,0,1,1,1,1,0,1,1,0,1,0,0,0,1,0,1,1,1,0,1,1,1,1,0,1,1
Goodware,0,0,1,0,1,0,1,1,0,1,1,1,0,0,0,1,1,0,0,1,1,0,1,0,1,1,0,0,0,1,0,1,1,1,1,1,1,1,1,0,0,1,0,0,0,0,0,0,1,0,0,0,0,0,1,1,0,1,1,0,1,0,0,0,1,0,1,1,0,0,1,1,1,1,0,1,1
Goodware,0,0,1,0,0,0,0,0,0,0,1,1,0,0,0,0,0,0,0,1,0,0,1,1,0,0,0,0,0,1,0,0,1,1,0,0,1,0,1,0,0,0,0,0,0,1,0,1,1,0,0,0,1,0,0,1,0,1,1,1,1,0,0,0,1,0,1,0,1,0,1,1,1,1,0,1,1
Goodware,1,0,1,1,1,1,1,1,0,1,1,1,1,0,0,0,1,1,1,1,1,0,1,1,1,1,1,0,0,1,0,0,1,1,1,1,1,1,1,1,0,1,1,0,0,1,1,1,1,1,1,1,1,1,1,1,0,1,1,1,1,0,0,0,1,0,1,1,1,0,1,1,1,1,0,1,1
Goodware,0,0,1,1,1,1,1,1,1,1,1,1,1,0,0,1,1,0,1,1,1,0,1,1,1,1,1,0,0,1,1,1,1,1,1,1,1,1,1,1,0,1,1,1,0,1,1,1,1,1,1,0,1,1,1,1,0,1,1,1,1,0,0,0,1,0,1,1,1,0,1,1,1,1,0,1,1
Goodware,0,0,0,0,0,0,0,1,0,0,0,1,0,0,0,0,0,0,0,1,1,0,0,0,0,0,0,0,0,1,1,0,1,1,0,0,1,0,0,0,0,1,0,0,0,0,0,0,0,0,0,0,1,0,1,1,0,1,1,0,0,0,0,0,1,0,1,0,0,0,0,1,1,1,0,1,1
Goodware,0,0,1,1,1,1,1,1,1,1,1,1,1,1,1,1,1,1,1,1,1,0,1,1,1,1,0,0,0,1,0,1,1,1,1,1,1,1,1,1,0,1,0,1,0,1,1,1,1,1,1,0,1,1,1,1,0,1,1,1,1,0,0,0,1,0,1,1,1,0,1,1,1,1,0,1,1
Goodware,0,0,1,1,1,0,1,1,0,0,1,0,1,0,0,1,1,1,0,1,1,0,1,1,0,0,1,0,0,1,1,0,1,1,1,1,1,1,1,0,1,0,1,0,0,1,0,1,1,0,1,0,1,1,1,1,0,1,1,1,1,0,0,0,1,0,1,1,1,0,1,1,1,1,0,1,1
Goodware,0,0,1,1,1,1,1,1,1,1,1,1,0,1,1,1,1,0,0,1,1,0,1,1,1,1,1,0,1,1,1,0,1,1,1,1,1,1,1,0,1,1,1,0,0,1,1,1,1,1,1,0,1,1,1,1,1,1,1,1,1,0,0,0,1,0,1,1,1,0,1,1,1,1,0,1,1
Goodware,0,0,1,1,1,1,1,1,1,1,1,1,1,0,0,0,0,0,1,1,1,1,1,1,1,1,0,0,0,1,0,0,1,1,1,1,1,1,1,0,0,1,0,1,0,1,1,1,1,1,0,0,1,1,1,1,0,1,1,1,1,0,0,0,1,0,1,1,1,0,1,1,1,1,0,1,1
Goodware,0,0,1,1,1,1,1,1,0,1,1,1,1,1,1,1,1,1,1,1,1,0,1,1,1,1,1,0,0,1,1,0,1,1,1,1,1,1,1,0,1,1,1,0,0,1,1,1,1,1,1,0,1,1,1,1,0,1,1,1,1,0,0,0,1,0,1,1,1,0,1,1,1,1,0,1,1
Goodware,0,0,1,0,1,0,1,1,1,1,1,1,1,0,0,0,0,1,0,1,1,0,1,0,1,1,1,0,0,1,0,1,1,1,1,1,1,0,1,0,0,1,0,0,0,0,0,0,1,0,0,0,1,0,1,1,0,1,1,0,1,0,0,0,1,0,1,1,0,0,1,1,1,1,0,1,1
Goodware,0,0,1,0,0,1,0,0,0,0,0,0,1,0,0,0,0,1,0,1,0,0,1,1,1,1,0,0,0,1,0,0,1,1,0,1,1,1,1,1,0,1,0,0,0,1,0,1,1,1,1,0,1,0,0,1,0,1,1,0,1,0,0,0,1,0,1,1,1,0,1,1,1,1,0,1,1
Goodware,0,0,1,1,1,1,1,1,1,1,1,1,1,0,0,1,1,0,0,1,1,0,1,0,1,1,0,0,1,1,0,0,1,1,1,1,1,0,1,0,0,1,1,0,0,1,0,1,1,1,0,0,1,1,1,1,1,1,1,1,1,0,0,0,1,0,1,1,1,0,1,1,1,1,0,1,1
Goodware,0,0,1,1,0,1,1,1,0,1,1,1,0,0,0,0,0,0,0,1,1,0,1,1,1,1,0,0,0,1,0,0,1,1,1,1,1,1,1,0,0,1,0,1,0,1,1,1,1,1,0,0,1,1,1,1,0,1,1,1,1,0,0,0,1,0,1,1,1,0,1,1,1,1,0,1,1
Goodware,0,0,0,1,0,1,0,1,0,0,0,0,0,0,0,0,0,0,0,0,1,0,1,0,0,0,0,0,0,1,0,0,1,0,0,0,0,0,0,0,0,0,0,0,0,0,0,0,0,1,0,0,1,1,1,1,0,1,0,0,0,0,0,0,1,0,1,0,0,0,0,1,1,1,0,1,1
Goodware,0,0,1,1,1,1,1,1,1,1,1,1,1,0,0,1,1,0,1,1,1,1,1,1,1,1,0,0,0,1,0,0,1,1,1,1,1,1,1,1,0,1,1,0,0,1,0,1,1,1,1,0,1,1,1,1,0,1,1,1,1,0,0,0,1,0,1,1,1,0,1,1,1,1,0,1,1
Goodware,0,0,0,0,0,0,0,0,0,0,0,0,1,0,0,0,0,0,0,1,0,0,1,0,0,0,0,0,0,1,0,0,1,0,0,0,1,0,0,0,0,0,0,0,0,1,0,0,0,0,0,0,0,0,0,1,0,1,1,0,0,0,0,0,1,0,1,0,0,0,1,1,1,1,0,1,1
Goodware,0,0,1,1,1,1,1,1,1,1,1,1,1,0,0,1,1,0,0,1,1,0,1,1,1,1,0,0,0,1,0,0,1,1,1,1,1,1,1,1,0,1,1,1,1,1,1,1,1,1,1,0,1,1,1,1,0,1,1,1,1,0,0,0,1,0,1,1,1,0,1,1,1,1,0,1,1
Goodware,0,0,0,0,0,1,0,1,0,0,0,0,0,0,0,0,0,0,0,1,1,0,1,0,1,1,0,0,0,1,0,0,0,0,1,0,0,0,0,0,0,0,0,0,0,0,0,0,0,1,0,0,0,0,1,0,0,1,0,0,0,0,0,0,1,0,1,1,0,0,0,1,1,1,0,1,1
Goodware,0,0,1,0,1,1,1,1,1,1,1,1,0,0,0,1,1,1,1,1,1,0,1,0,1,1,0,0,0,1,0,0,1,1,1,1,1,1,1,1,0,1,0,0,0,1,1,1,1,1,1,0,1,0,1,1,0,1,1,1,1,0,0,0,1,0,1,1,1,0,1,1,1,1,0,1,1
Goodware,0,0,1,1,1,1,1,1,1,1,1,1,1,0,0,1,1,0,1,1,1,1,1,0,1,1,1,0,0,1,0,0,1,1,1,1,1,1,1,1,0,1,1,1,0,1,1,1,1,1,1,0,1,1,1,1,0,1,1,1,1,0,0,0,1,0,1,1,1,0,1,1,1,1,0,1,1
Goodware,0,0,1,1,1,1,1,1,1,1,1,1,0,1,1,1,1,0,0,1,1,0,1,0,1,1,0,0,0,1,0,0,1,1,1,1,1,1,1,1,0,1,1,0,0,1,1,1,1,1,1,0,1,1,1,1,0,1,1,1,1,0,0,0,1,0,1,1,1,0,1,1,1,1,0,1,1
Goodware,0,0,1,1,1,1,1,1,1,1,1,1,0,0,0,1,1,0,0,1,1,0,1,1,1,1,1,0,1,1,1,0,1,1,1,1,1,1,1,0,1,1,1,0,0,1,0,1,1,1,1,0,1,1,1,1,1,1,1,1,1,0,0,0,1,0,1,1,1,0,1,1,1,1,0,1,1
Goodware,0,0,1,1,0,1,1,1,0,0,1,0,1,0,0,1,1,0,0,1,1,0,1,1,1,1,0,0,1,1,1,0,1,1,1,1,1,1,1,1,1,0,1,0,0,1,0,0,1,1,1,0,1,1,1,1,1,1,1,0,1,0,0,0,1,0,1,1,1,0,1,1,1,1,0,1,1
Goodware,0,0,1,1,1,1,1,1,0,1,0,1,1,0,0,0,0,0,0,1,1,0,1,1,1,1,1,0,0,1,0,0,1,1,1,1,1,0,0,0,0,1,0,0,0,1,1,0,1,1,0,0,1,1,1,1,0,1,1,0,0,0,0,0,1,0,1,1,0,0,1,1,1,1,0,1,1
Goodware,0,0,1,1,0,0,0,1,0,1,1,1,1,0,0,0,0,0,0,1,1,0,1,1,1,1,0,0,0,1,0,0,1,1,1,1,1,1,1,0,0,1,0,0,0,1,1,1,1,0,0,0,1,1,1,1,0,1,1,1,1,0,0,0,1,0,1,1,1,0,1,1,1,1,0,1,1
Goodware,0,0,0,0,0,0,0,0,0,0,0,0,1,0,0,0,0,0,0,1,0,0,1,0,0,0,0,0,0,1,0,0,1,0,0,1,1,0,0,0,0,0,0,0,0,1,0,0,0,0,0,0,0,0,0,1,0,1,1,0,0,0,0,0,1,0,1,0,0,0,1,1,1,1,0,1,1
Goodware,0,0,1,1,1,1,1,1,1,1,1,1,1,0,0,1,1,1,1,1,1,1,1,1,1,1,1,1,0,1,1,0,1,1,1,1,1,1,1,1,0,1,1,1,1,1,1,1,1,1,1,0,1,1,1,1,0,1,1,1,1,0,0,0,1,1,1,1,1,1,1,1,1,1,1,1,1
Goodware,0,0,1,1,1,1,1,1,1,1,1,1,1,1,1,1,1,0,1,1,1,1,1,0,1,1,0,0,0,1,0,0,1,1,1,1,1,1,1,1,0,1,1,0,0,1,1,1,1,1,1,0,1,1,1,1,0,1,1,1,1,0,0,0,1,0,1,1,1,0,1,1,1,1,0,1,1
Goodware,0,0,1,1,1,1,1,1,1,1,1,1,1,1,1,1,1,1,0,1,1,0,1,0,1,1,1,0,1,1,0,1,1,1,1,1,1,1,1,0,1,1,1,0,0,1,1,1,1,1,1,0,1,1,1,1,1,1,1,1,1,0,0,0,1,0,1,1,1,0,1,1,1,1,0,1,1
Goodware,0,0,1,1,1,0,1,1,1,1,1,1,0,0,0,0,0,0,0,1,1,0,1,1,1,1,0,0,0,1,0,0,1,1,1,1,1,1,1,0,0,1,0,0,0,1,1,1,1,0,0,0,1,1,1,1,0,1,1,1,1,0,0,0,1,0,1,1,1,0,1,1,1,1,0,1,1
Goodware,0,0,1,1,0,1,1,1,0,1,1,1,1,0,0,0,0,0,0,1,1,0,1,1,1,1,0,0,0,1,0,0,1,1,1,1,1,1,1,0,0,1,0,0,0,1,1,1,1,1,0,0,1,1,1,1,0,1,1,0,1,0,0,0,1,0,1,1,1,0,1,1,1,1,0,1,1
Goodware,0,0,1,0,1,0,1,1,0,1,1,1,0,0,0,1,1,0,0,1,1,0,1,0,1,1,0,0,0,1,0,1,1,1,1,1,1,1,1,0,0,1,0,0,0,0,0,0,1,0,0,0,0,0,1,1,0,1,1,0,1,0,0,0,1,0,1,1,1,0,1,1,1,1,0,1,1
Goodware,0,0,1,0,0,1,1,1,1,1,0,1,1,0,0,1,1,0,0,1,1,0,1,1,1,1,0,0,0,1,0,0,0,0,1,0,1,0,1,0,0,0,0,1,0,0,1,0,1,1,0,0,1,0,1,1,0,1,1,0,1,0,0,0,1,0,1,1,0,0,1,1,1,1,0,1,1
Goodware,0,0,1,0,1,1,1,1,1,1,1,1,0,0,0,1,1,0,0,1,1,0,1,1,1,1,0,0,0,1,0,0,1,1,1,1,1,1,1,0,0,0,0,0,0,1,1,1,1,1,0,0,1,0,1,1,0,1,1,1,1,0,0,0,1,0,1,1,1,0,1,1,1,1,0,1,1
Goodware,0,0,1,1,0,1,0,1,0,0,1,0,0,0,0,1,1,0,0,1,1,0,1,0,0,0,0,0,0,1,1,0,1,1,1,0,1,0,1,0,1,0,1,0,0,1,0,0,1,1,1,0,1,1,1,1,0,1,1,1,1,0,0,0,1,0,1,0,1,0,1,1,1,1,0,1,1
Goodware,0,0,1,0,1,1,1,1,1,1,1,1,1,0,0,0,0,0,1,1,1,0,1,1,1,1,0,0,0,1,0,0,1,1,1,1,1,1,1,1,0,1,1,0,0,1,1,1,1,1,1,0,1,0,1,1,0,1,1,0,1,0,0,0,1,0,1,1,1,0,1,1,1,1,0,1,1
Goodware,0,0,1,1,1,1,1,1,1,1,1,1,0,1,1,1,1,0,0,1,1,0,1,1,1,1,1,0,1,1,1,0,1,1,1,1,1,0,1,0,1,1,1,0,0,1,0,1,1,1,1,0,1,1,1,1,1,1,1,1,1,0,0,0,1,0,1,1,1,0,1,1,1,1,0,1,1
Goodware,0,0,1,1,1,1,0,1,1,1,1,1,0,0,0,1,1,0,0,1,1,0,1,0,1,1,0,0,1,1,0,0,1,1,1,1,1,0,1,0,0,1,1,0,0,1,0,1,1,1,0,0,1,1,1,1,1,1,1,0,1,0,0,0,1,0,1,1,1,0,1,1,1,1,0,1,1
Goodware,0,0,0,0,0,0,0,0,0,0,1,0,0,0,0,0,0,0,1,1,1,0,0,0,0,0,1,0,0,1,0,0,1,1,1,1,1,0,0,0,0,0,0,0,0,1,0,0,0,0,0,0,0,0,0,0,0,1,1,0,0,0,0,0,1,0,1,1,0,0,0,1,1,1,0,1,1
Goodware,0,0,0,0,0,0,0,0,1,0,0,0,1,0,0,0,0,0,0,0,1,0,0,0,0,0,0,0,0,1,0,0,0,0,0,0,0,0,0,0,0,0,0,0,0,0,0,0,0,0,0,0,0,0,0,1,0,1,0,0,0,0,0,0,1,0,1,0,0,0,0,1,1,1,0,1,1
Goodware,0,0,1,1,1,1,1,1,1,1,1,1,1,0,0,1,1,0,0,1,1,0,1,1,1,1,1,0,1,1,0,0,1,1,1,1,1,1,1,1,0,1,1,1,1,1,1,1,1,1,1,0,1,1,1,1,1,1,1,1,1,0,0,0,1,0,1,1,1,0,1,1,1,1,0,1,1
Goodware,0,0,0,1,1,0,1,1,0,0,1,0,1,0,0,0,0,1,0,1,1,0,1,1,0,0,0,0,0,1,1,1,1,1,1,1,1,1,1,0,0,1,0,1,0,0,0,0,0,0,0,0,1,1,1,1,0,1,1,1,1,0,0,0,1,0,1,0,1,0,1,1,1,1,0,1,1
Goodware,0,0,0,0,0,0,0,0,0,0,0,0,0,0,0,0,0,0,0,1,1,0,1,0,0,0,0,0,0,1,0,1,1,0,0,1,1,0,0,0,0,0,0,0,0,0,0,0,0,0,0,0,0,0,0,0,0,1,1,0,0,0,0,0,1,0,1,0,0,0,0,1,1,1,0,1,1
Goodware,0,0,1,1,1,1,1,1,1,1,1,1,1,0,0,1,1,1,1,1,1,1,1,1,1,1,1,0,0,1,1,1,1,1,1,1,1,1,1,0,0,1,1,1,0,1,1,1,1,1,0,0,1,1,1,1,0,1,1,1,1,0,0,0,1,0,1,1,1,0,1,1,1,1,0,1,1
Goodware,0,0,1,0,1,1,1,1,1,1,1,1,0,0,0,1,1,0,1,1,1,0,1,0,1,1,0,0,0,1,0,0,1,1,1,1,1,1,1,1,0,1,0,0,0,1,1,1,1,1,1,0,1,0,1,1,0,1,1,1,1,0,0,0,1,0,1,1,1,0,1,1,1,1,0,1,1
Goodware,0,0,0,0,0,0,0,0,0,0,0,0,0,0,0,1,1,0,0,1,0,0,1,0,0,0,0,0,0,1,0,0,0,1,0,0,0,0,0,0,0,0,0,0,0,0,0,0,0,0,0,0,0,0,0,0,0,1,0,0,0,0,0,0,1,0,1,0,0,0,0,1,1,1,0,1,1
Goodware,0,0,1,0,0,1,0,1,0,1,1,1,0,0,0,1,1,0,1,1,1,0,1,0,1,1,0,0,0,1,0,0,1,1,1,1,1,0,1,0,0,1,0,0,0,1,1,0,1,1,0,0,1,0,1,1,0,1,1,1,1,0,0,0,1,0,1,1,1,0,1,1,1,1,0,1,1
Goodware,0,0,1,0,1,0,1,1,0,1,1,1,0,0,0,1,1,0,0,1,1,0,1,0,1,1,0,0,0,1,0,1,1,1,1,1,1,1,1,0,0,1,0,0,0,0,0,0,1,0,0,0,0,0,1,1,0,1,1,0,1,0,0,0,1,0,1,1,0,0,1,1,1,1,0,1,1
Goodware,0,0,1,1,0,1,0,1,0,0,0,0,0,0,0,1,1,0,0,1,1,0,1,0,0,0,0,0,1,1,0,0,0,0,1,0,0,0,1,0,1,0,0,1,0,1,0,0,1,1,1,0,1,1,1,0,1,1,0,0,1,0,0,0,1,0,1,0,1,0,1,1,1,1,0,1,1
Goodware,0,0,1,1,1,1,1,1,1,1,1,1,1,0,0,1,1,0,1,1,1,1,1,0,1,1,1,0,0,1,0,0,1,1,1,1,1,1,1,1,0,1,1,1,0,1,1,1,1,1,1,0,1,1,1,1,0,1,1,1,1,0,0,0,1,0,1,1,1,0,1,1,1,1,0,1,1
Goodware,0,0,1,1,1,1,1,1,1,1,1,1,1,0,0,1,1,0,1,1,1,1,1,0,1,1,1,0,0,1,0,0,1,1,1,1,1,1,1,1,0,1,1,1,0,1,1,1,1,1,1,0,1,1,1,1,0,1,1,1,1,0,0,0,1,0,1,1,1,0,1,1,1,1,0,1,1
Goodware,0,0,1,1,1,1,1,1,1,1,1,1,1,1,1,1,1,0,1,1,1,0,1,1,1,1,1,0,1,1,0,1,1,1,1,1,1,1,1,1,1,1,1,0,0,1,1,1,1,1,1,0,1,1,1,1,1,1,1,1,1,0,0,0,1,0,1,1,1,0,1,1,1,1,0,1,1
Goodware,0,0,1,0,1,0,1,1,0,1,1,1,0,0,0,1,1,0,0,1,1,0,1,0,1,1,0,0,0,1,0,1,1,1,1,1,1,1,1,0,0,1,0,0,0,0,0,0,1,0,0,0,0,0,1,1,0,1,1,0,1,0,0,0,1,0,1,1,1,0,1,1,1,1,0,1,1
Goodware,0,0,1,0,1,1,0,1,0,0,1,0,0,0,0,1,1,0,0,1,1,0,1,0,0,0,0,0,0,1,1,0,1,1,1,1,1,0,1,0,0,1,1,0,0,1,0,1,1,1,0,0,1,0,1,1,0,1,1,1,1,0,0,0,1,0,1,0,1,0,1,1,1,1,0,1,1
Goodware,0,0,0,0,0,0,0,0,0,0,0,0,0,0,0,0,0,0,0,0,1,0,0,0,0,0,0,0,0,1,0,0,1,0,0,0,0,0,0,0,0,0,0,0,0,0,0,0,0,0,0,0,0,0,0,1,0,0,0,0,0,0,0,0,1,0,1,0,0,0,0,1,1,1,0,1,1
Goodware,0,0,1,1,0,1,1,1,0,1,1,1,1,0,0,0,0,0,0,1,1,0,1,1,1,1,0,0,0,1,1,1,1,1,1,1,1,1,1,0,0,1,0,0,1,1,1,1,1,1,0,0,1,1,1,1,0,1,1,0,1,1,0,0,1,1,1,1,1,1,1,1,1,1,1,1,1
Goodware,0,0,1,1,1,0,1,1,1,1,1,1,1,1,1,0,0,0,0,1,1,0,1,0,1,1,0,0,0,1,0,0,1,1,1,1,1,1,1,0,0,1,1,1,0,1,1,1,1,0,0,0,1,1,1,1,0,1,1,0,1,0,0,0,1,0,1,1,1,0,1,1,1,1,0,1,1
Goodware,0,0,1,0,1,1,1,1,1,1,1,1,0,0,0,0,0,0,0,1,1,0,1,1,1,1,0,0,0,1,0,0,1,1,1,1,1,1,1,0,0,1,0,0,0,1,0,1,1,1,0,0,1,0,1,1,0,1,1,0,1,0,0,0,1,0,1,1,1,0,1,1,1,1,0,1,1
Goodware,0,0,0,0,0,1,0,1,0,1,0,1,1,0,0,1,1,0,1,0,1,1,1,1,1,1,0,0,0,1,0,0,0,1,1,0,1,0,0,0,0,1,0,0,0,0,0,0,0,1,0,0,0,0,1,1,0,1,1,0,0,0,0,0,1,0,1,1,0,0,1,1,1,1,0,1,1
Goodware,0,0,1,1,0,1,0,1,0,1,1,1,1,0,0,0,0,0,0,1,1,0,1,0,1,1,0,0,0,1,0,0,1,1,1,1,1,0,1,0,0,1,0,0,0,1,1,0,1,1,0,0,1,1,1,0,0,1,1,0,1,0,0,0,1,0,1,1,1,0,1,1,1,1,0,1,1
Goodware,0,0,1,1,1,1,1,1,1,1,1,1,0,1,1,1,1,0,1,1,1,1,1,0,1,1,0,0,0,1,0,0,1,1,1,1,1,1,1,1,0,1,1,0,0,1,1,1,1,1,1,0,1,1,1,1,0,1,1,1,1,0,0,0,1,0,1,1,1,0,1,1,1,1,0,1,1
Goodware,0,0,1,1,1,1,1,1,1,1,1,1,1,0,0,1,1,0,1,1,1,1,1,0,1,1,0,0,0,1,0,0,1,1,1,1,1,1,1,1,0,1,1,1,0,1,1,1,1,1,1,0,1,1,1,1,0,1,1,1,1,0,0,0,1,0,1,1,1,0,1,1,1,1,0,1,1
Goodware,0,0,0,0,0,0,0,1,0,0,0,0,0,0,0,1,1,0,0,0,1,0,1,0,0,0,0,0,0,1,0,0,0,0,0,0,0,0,0,0,0,0,0,0,0,0,0,0,0,0,0,0,0,0,1,0,0,1,0,0,0,0,0,0,1,0,1,0,0,0,0,1,1,1,0,1,1
Goodware,0,0,1,1,1,1,1,1,1,1,1,1,1,1,1,1,1,1,1,1,1,1,1,1,1,1,1,0,1,1,1,0,1,1,1,1,1,1,1,0,1,1,1,1,0,1,1,1,1,1,1,0,1,1,1,1,1,1,1,1,1,0,0,0,1,0,1,1,1,0,1,1,1,1,0,1,1
Goodware,0,0,1,1,1,0,1,1,0,0,1,0,1,0,0,1,1,1,0,1,1,0,1,1,0,0,1,0,0,1,1,0,1,1,1,1,1,0,1,0,1,0,1,0,0,1,0,1,1,0,1,0,1,1,1,1,0,1,1,1,1,0,0,0,1,0,1,1,1,0,1,1,1,1,0,1,1
Goodware,0,0,1,0,0,1,0,0,0,1,1,1,0,0,0,0,0,0,0,1,1,0,1,1,1,1,0,0,0,1,0,0,1,1,1,1,1,1,1,0,0,1,0,0,0,1,1,1,1,1,0,0,1,0,0,1,0,1,1,1,1,0,0,1,1,0,1,1,1,0,1,1,1,1,0,1,1
Goodware,0,0,1,1,1,1,1,1,1,1,1,1,1,0,0,1,1,0,0,1,1,0,1,1,1,1,0,0,1,1,0,0,1,1,1,1,1,1,1,1,0,1,1,1,1,1,1,1,1,1,1,0,1,1,1,1,1,1,1,1,1,0,0,0,1,0,1,1,1,0,1,1,1,1,0,1,1
Goodware,0,0,1,1,1,1,1,1,1,1,1,1,1,0,0,1,1,0,0,1,1,0,1,1,1,1,0,0,1,1,0,0,1,1,1,1,1,1,1,1,0,1,1,1,1,1,1,1,1,1,1,0,1,1,1,1,1,1,1,1,1,0,0,0,1,0,1,1,1,0,1,1,1,1,0,1,1
Goodware,0,0,1,1,1,1,1,1,1,1,1,1,1,0,0,0,0,0,0,1,1,0,1,1,1,1,1,0,0,1,1,1,1,0,1,1,1,0,1,1,1,0,1,1,0,1,0,1,1,1,1,0,1,1,1,1,0,1,1,1,1,0,0,0,1,0,1,1,1,0,1,1,1,1,0,1,1
Goodware,0,0,1,1,1,0,1,1,0,1,1,1,1,0,0,1,1,0,0,1,1,0,1,1,0,0,1,0,0,1,0,0,1,1,1,1,1,1,1,0,1,0,0,0,0,0,0,0,1,0,1,0,1,1,1,1,0,1,1,1,1,0,0,0,1,0,1,1,0,0,1,1,1,1,0,1,1
Goodware,0,0,1,0,1,0,1,1,0,1,1,1,0,0,0,1,1,0,0,1,1,0,1,1,1,1,0,0,0,1,0,1,1,1,1,1,1,1,1,0,0,1,0,0,0,1,1,0,1,0,0,0,0,0,1,1,0,1,1,0,0,0,0,0,1,0,1,1,1,0,1,1,1,1,0,1,1
Goodware,0,0,1,0,1,0,1,1,0,1,1,1,0,0,0,1,1,0,0,1,1,0,1,1,1,1,0,0,0,1,0,1,1,1,1,1,1,1,1,0,0,1,0,0,0,1,1,0,1,0,0,0,0,0,1,1,0,1,1,0,1,0,0,0,1,0,1,1,1,0,1,1,1,1,0,1,1
Goodware,0,0,0,0,0,0,0,0,0,0,0,1,1,0,0,1,1,0,0,0,1,0,1,0,0,0,0,0,0,1,0,0,0,1,0,0,0,0,1,0,0,0,0,0,0,1,0,0,0,0,0,0,0,0,0,0,0,1,0,0,1,0,0,0,1,0,1,0,1,0,1,1,1,1,0,1,1
Goodware,0,0,1,0,1,0,1,1,0,1,1,1,0,0,0,1,1,0,0,1,1,0,1,1,1,1,0,0,0,1,0,1,1,1,1,1,1,1,1,0,0,1,0,0,0,1,1,0,1,0,0,0,0,0,1,1,0,1,1,0,1,0,0,0,1,0,1,1,0,0,1,1,1,1,0,1,1
Goodware,0,0,1,0,0,1,0,0,0,1,1,1,1,0,0,0,0,0,1,1,1,0,0,1,1,1,0,0,0,1,0,0,1,1,1,0,1,1,1,0,0,1,0,0,0,1,0,1,1,1,0,0,1,0,0,0,0,1,1,0,1,0,0,0,1,0,1,1,1,0,1,1,1,1,0,1,1
Goodware,1,0,1,1,1,1,1,1,1,1,1,1,1,0,0,1,1,1,1,1,1,0,1,1,1,1,1,0,0,1,1,1,1,1,1,1,1,1,1,1,0,1,1,1,0,1,1,1,1,1,1,1,1,1,1,1,0,1,1,1,1,0,0,0,1,0,1,1,1,0,1,1,1,1,0,1,1
Goodware,0,0,1,1,1,1,1,1,1,1,1,1,0,0,0,1,1,0,0,1,1,0,1,0,1,1,0,0,1,1,1,0,1,1,1,1,1,0,1,0,1,1,1,0,0,1,0,1,1,1,1,0,1,1,1,1,1,1,1,1,1,0,0,0,1,0,1,1,1,0,1,1,1,1,0,1,1
Goodware,0,0,1,1,1,1,1,1,1,1,1,1,1,0,0,1,1,0,0,1,1,0,1,1,1,1,1,0,1,1,1,0,1,1,1,1,1,0,1,0,0,0,0,0,0,1,1,0,1,1,0,0,1,1,1,1,1,1,1,1,1,0,0,0,1,0,1,1,1,0,1,1,1,1,0,1,1
Goodware,0,0,1,1,1,1,1,1,0,1,0,1,1,0,0,0,0,0,0,1,1,0,1,0,1,1,0,0,0,1,0,0,1,1,1,0,1,0,1,0,0,0,0,0,0,0,0,0,1,1,0,0,1,1,1,1,0,1,1,0,1,0,0,0,1,0,1,1,1,0,1,1,1,1,0,1,1
Goodware,0,0,0,0,0,0,0,0,0,0,0,0,0,0,0,0,0,0,0,1,0,0,1,0,0,0,0,0,0,1,0,0,1,1,0,0,0,0,0,0,0,0,0,0,0,0,0,0,0,0,0,0,0,0,0,1,0,1,0,0,0,0,0,0,1,0,1,0,0,0,0,1,1,1,0,1,1
Goodware,0,0,1,1,1,1,1,1,1,1,1,1,0,1,1,1,1,0,0,1,1,0,1,0,1,1,1,0,0,1,0,0,1,1,1,1,1,1,1,1,0,1,1,0,0,1,1,1,1,1,1,0,1,1,1,1,0,1,1,1,1,0,0,0,1,0,1,1,1,0,1,1,1,1,0,1,1
Goodware,0,0,1,1,1,0,1,1,1,1,1,1,1,0,0,0,0,0,0,1,1,0,1,0,1,1,0,0,0,1,0,0,1,1,1,1,1,1,1,0,0,1,1,1,0,1,0,1,1,0,0,0,1,1,1,1,0,1,1,0,1,0,0,0,1,0,1,1,1,0,1,1,1,1,0,1,1
Goodware,0,0,1,1,1,1,1,1,1,1,1,1,0,1,1,1,1,0,0,1,1,0,1,0,1,1,0,0,0,1,0,0,1,1,1,1,1,1,1,1,0,1,1,0,0,1,1,1,1,1,1,0,1,1,1,1,0,1,1,1,1,0,0,0,1,0,1,1,1,0,1,1,1,1,0,1,1
Goodware,0,0,1,1,0,1,1,1,0,1,1,1,1,0,0,0,0,0,0,1,1,0,1,1,1,1,0,0,0,1,1,0,1,1,1,1,1,1,1,0,0,1,0,1,0,1,1,1,1,1,0,0,1,1,1,1,0,1,1,1,1,1,0,0,1,1,1,1,1,1,1,1,1,1,1,1,1
Goodware,0,0,1,1,1,1,1,1,1,1,1,1,1,0,0,1,1,0,0,1,1,0,1,1,1,1,0,0,1,1,0,0,1,1,1,1,1,1,1,1,0,1,1,1,1,1,1,1,1,1,1,0,1,1,1,1,1,1,1,1,1,0,0,0,1,0,1,1,1,0,1,1,1,1,0,1,1
Goodware,0,0,1,1,1,0,1,1,0,1,1,1,0,0,0,0,0,0,0,1,1,0,1,0,1,1,0,0,0,1,0,0,1,1,1,0,1,0,1,0,0,0,0,0,0,0,0,0,1,0,0,0,1,1,1,1,0,1,1,0,1,0,0,0,1,0,1,1,1,0,1,1,1,1,0,1,1
Goodware,0,0,1,0,0,1,0,1,0,0,1,0,1,0,0,1,1,0,0,1,1,0,1,1,1,1,0,0,0,1,0,0,1,0,0,1,1,0,1,0,0,0,1,0,0,1,0,0,1,1,0,0,1,0,1,0,0,1,1,0,1,0,0,0,1,0,1,1,0,0,1,1,1,1,0,1,1
Goodware,0,0,1,0,0,1,1,1,0,1,1,1,1,0,0,1,1,0,1,1,1,0,1,1,1,1,0,0,0,1,1,0,1,1,1,1,1,0,1,0,0,1,1,0,0,1,1,1,1,1,0,0,1,0,1,1,0,1,1,1,1,0,0,0,1,0,1,1,1,0,1,1,1,1,0,1,1
Goodware,0,0,0,0,0,0,0,0,0,0,0,0,0,0,0,0,0,0,0,1,1,0,1,0,0,0,0,0,0,1,0,1,0,0,0,0,0,0,0,0,0,0,0,0,0,0,0,0,0,0,0,0,0,0,0,0,0,1,0,0,0,0,0,0,1,0,1,0,0,0,0,1,1,1,0,1,1
Goodware,0,0,1,0,0,0,0,1,0,0,0,0,0,0,0,0,0,0,0,0,1,0,0,0,0,0,0,0,0,1,0,0,1,0,1,0,0,0,0,0,0,0,0,0,0,0,0,0,1,0,0,0,0,0,1,0,0,1,0,0,0,0,0,0,1,0,1,0,0,0,0,1,1,1,0,1,1
Goodware,0,0,1,0,1,0,1,1,0,1,1,1,0,0,0,1,1,0,0,1,1,0,1,0,1,1,0,0,0,1,0,1,1,1,1,1,1,1,1,0,0,1,0,0,0,0,0,0,1,0,0,0,0,0,1,1,0,1,1,0,1,0,0,0,1,0,1,1,0,0,1,1,1,1,0,1,1
Goodware,0,0,0,0,0,0,0,0,0,0,0,0,0,0,0,1,1,0,0,0,1,0,1,0,0,0,0,0,0,1,0,0,0,0,0,0,0,0,0,0,0,0,0,0,0,0,0,0,0,0,0,0,0,0,0,0,0,1,0,0,0,0,0,0,1,0,1,0,0,0,0,1,1,1,0,1,1
Goodware,0,0,1,1,0,1,0,1,0,0,1,0,0,0,0,0,0,0,0,1,1,0,1,0,0,0,0,0,0,1,0,0,0,1,0,0,1,0,1,0,1,0,1,0,0,1,0,0,1,1,1,0,1,1,1,0,0,1,1,0,1,0,0,0,1,0,1,0,0,0,1,1,1,1,0,1,1
Goodware,0,0,1,0,1,0,1,1,0,1,1,1,0,0,0,1,1,0,0,1,1,0,1,1,1,1,0,0,0,1,0,1,1,1,1,1,1,1,1,0,0,1,0,0,0,1,1,0,1,0,0,0,0,0,1,1,0,1,1,0,1,0,0,0,1,0,1,1,0,0,1,1,1,1,0,1,1
Goodware,0,1,1,1,1,1,1,1,0,1,1,1,1,0,0,1,1,1,0,1,1,0,1,1,1,1,1,0,1,1,0,1,1,1,1,1,1,0,1,0,1,1,1,1,0,1,1,1,1,1,1,1,1,1,1,1,1,1,1,0,1,0,0,0,1,0,1,1,1,0,1,1,1,1,0,1,1
Goodware,0,0,0,0,0,0,0,0,0,0,0,0,1,0,0,0,0,0,0,0,1,0,0,0,0,0,0,0,0,1,1,1,1,1,0,0,0,0,0,0,0,0,0,0,0,0,0,0,0,0,0,0,0,0,0,1,0,1,0,0,0,0,0,0,1,0,1,0,0,0,0,1,1,1,0,1,1
Goodware,0,0,1,0,1,1,1,1,1,1,1,1,0,1,1,1,1,0,1,1,1,1,1,0,1,1,0,0,0,1,0,0,1,1,1,1,1,1,1,1,0,1,1,0,0,1,1,1,1,1,1,0,1,0,1,1,0,1,1,1,1,0,0,0,1,0,1,1,1,0,1,1,1,1,0,1,1
Goodware,0,0,1,0,0,1,0,0,0,0,1,0,0,0,0,0,0,0,0,1,0,0,1,1,0,0,0,0,0,1,0,0,1,1,0,1,1,1,1,0,0,1,0,0,0,1,0,1,1,1,0,0,1,0,0,1,0,1,1,1,1,0,0,0,1,0,1,0,1,0,1,1,1,1,0,1,1
Goodware,0,0,1,1,1,1,1,1,1,1,1,1,0,1,1,1,1,0,0,1,1,0,1,1,1,1,1,0,1,1,1,0,1,1,1,1,1,1,1,0,1,1,1,0,0,1,1,1,1,1,1,0,1,1,1,1,1,1,1,1,1,0,0,0,1,0,1,1,1,0,1,1,1,1,0,1,1
Goodware,0,0,1,1,0,0,0,1,0,0,1,0,1,0,0,0,0,1,1,1,1,1,1,1,1,1,0,0,0,1,0,0,1,0,0,1,1,0,1,0,0,0,0,1,0,1,0,1,1,0,0,0,1,1,1,1,0,1,1,0,1,0,0,0,1,0,1,1,1,0,1,1,1,1,0,1,1
Goodware,0,0,1,1,1,0,1,1,1,1,1,1,1,0,0,0,0,0,0,1,1,0,1,0,1,1,0,0,0,1,0,0,1,1,1,1,1,1,1,0,0,1,1,1,0,1,0,1,1,0,0,0,1,1,1,1,0,1,1,0,1,0,0,0,1,0,1,1,1,0,1,1,1,1,0,1,1
Goodware,0,0,1,1,0,1,1,1,0,1,1,1,1,0,0,0,0,0,0,1,1,0,1,1,1,1,0,0,0,1,1,1,1,1,1,1,1,1,1,0,0,1,0,0,1,1,1,1,1,1,0,0,1,1,1,1,0,1,1,0,1,1,0,0,1,1,1,1,1,1,1,1,1,1,1,1,1
Goodware,0,0,0,0,0,0,0,0,0,0,0,0,1,0,0,0,0,0,0,1,0,0,1,0,0,0,0,0,0,1,0,0,1,0,0,0,1,0,0,0,0,0,0,0,0,1,0,0,0,0,0,0,0,0,0,1,0,1,1,0,0,0,0,0,1,0,1,0,0,0,1,1,1,1,0,1,1
Goodware,0,1,1,1,1,1,1,1,1,1,1,1,1,0,0,1,1,0,1,1,1,0,1,1,1,1,0,0,1,1,1,0,1,1,1,1,1,1,1,0,0,1,1,1,0,1,1,1,1,1,0,1,1,1,1,1,1,1,1,1,1,0,0,0,1,0,1,1,1,0,1,1,1,1,0,1,1
Goodware,0,0,1,1,0,1,0,1,0,0,1,0,0,0,0,1,1,0,0,1,1,0,1,0,0,0,0,0,0,1,0,0,0,1,0,0,1,0,1,0,1,0,1,0,0,1,0,0,1,1,1,0,1,1,1,0,0,1,1,0,1,0,0,0,1,0,1,0,0,0,1,1,1,1,0,1,1
Goodware,0,0,1,0,1,0,1,1,0,1,1,1,0,0,0,1,1,0,0,1,1,0,1,1,1,1,0,0,0,1,0,1,1,1,1,1,1,1,1,0,0,1,0,0,0,1,1,0,1,0,0,0,0,0,1,1,0,1,1,0,1,0,0,0,1,0,1,1,1,0,1,1,1,1,0,1,1
Goodware,0,0,1,0,0,1,0,1,0,1,0,1,0,0,0,1,1,0,0,1,1,0,1,0,1,1,0,0,0,1,1,0,1,1,0,1,1,0,0,0,0,0,0,0,0,0,0,0,1,1,0,0,0,0,1,1,0,1,1,1,0,0,0,0,1,0,1,1,0,0,0,1,1,1,0,1,1
Goodware,0,0,1,1,0,1,1,1,0,1,1,1,0,0,0,0,0,0,1,1,1,0,1,1,1,1,0,0,0,1,1,0,1,1,1,1,1,1,1,0,0,1,0,1,0,1,1,1,1,1,0,0,1,1,1,1,0,1,1,0,1,0,0,0,1,0,1,1,1,0,1,1,1,1,0,1,1
Goodware,0,0,1,0,1,0,1,1,0,1,1,1,1,1,1,1,1,0,0,1,1,0,1,1,0,0,1,0,0,1,0,0,1,1,1,1,1,1,1,0,1,1,0,0,0,1,1,0,1,0,1,0,0,0,1,1,0,1,1,1,1,0,0,0,1,0,1,1,0,0,1,1,1,1,0,1,1
Goodware,0,0,1,0,1,0,1,1,0,1,1,1,1,0,0,1,1,0,0,1,1,0,1,1,0,0,1,0,0,1,0,0,1,1,1,1,1,0,0,0,1,0,0,0,0,0,0,0,1,0,1,0,0,0,1,1,0,1,1,1,0,0,0,0,1,0,1,1,0,0,0,1,1,1,0,1,1
Goodware,0,0,1,0,1,0,1,1,0,1,1,1,0,0,0,1,1,0,0,1,1,0,1,1,1,1,0,0,0,1,0,1,1,1,1,1,1,1,1,0,0,1,0,0,0,1,1,0,1,0,0,0,0,0,1,1,0,1,1,0,1,0,0,0,1,0,1,1,0,0,1,1,1,1,0,1,1
Goodware,0,1,1,1,1,1,1,1,0,0,1,0,1,0,0,1,1,0,0,1,1,0,1,1,0,0,1,0,0,1,0,0,1,1,1,1,1,0,1,0,1,0,0,1,0,1,0,0,1,1,1,1,1,1,1,1,0,1,1,1,1,0,0,0,1,0,1,1,1,0,1,1,1,1,0,1,1
Goodware,0,0,1,0,1,1,1,1,1,1,1,1,0,0,0,0,0,0,0,1,1,0,1,1,1,1,1,0,0,1,0,0,1,1,1,1,1,1,1,0,0,1,0,0,0,1,1,1,1,1,0,0,1,0,1,1,0,1,1,1,1,0,0,0,1,0,1,1,1,0,1,1,1,1,0,1,1
Goodware,0,0,0,0,0,0,0,0,0,0,0,0,0,0,0,1,1,0,0,0,1,0,0,0,0,0,0,0,0,0,0,0,0,0,0,0,0,0,0,0,0,0,0,0,0,0,0,0,0,0,0,0,0,0,0,0,0,0,0,0,0,0,0,0,1,0,1,0,0,0,0,1,1,1,0,1,1
Goodware,0,0,0,0,0,0,0,0,0,0,0,0,1,0,0,0,0,0,0,0,1,0,0,0,0,0,0,0,0,1,0,0,1,0,1,0,0,0,0,0,0,0,0,0,0,0,0,0,0,0,0,0,0,0,0,1,0,1,0,0,0,0,0,0,1,0,1,0,0,0,0,1,1,1,0,1,1
Goodware,0,0,1,1,1,0,1,1,1,1,0,1,0,0,0,0,0,0,0,1,1,0,1,0,1,1,0,0,0,1,0,0,1,1,1,1,1,0,1,0,0,0,0,1,0,1,0,1,1,0,0,0,1,1,1,1,0,1,1,0,1,0,0,0,1,0,1,1,1,0,1,1,1,1,0,1,1
Goodware,0,0,1,0,1,1,1,1,1,1,1,1,1,0,0,0,0,0,1,1,1,0,1,1,1,1,0,0,0,1,0,0,1,1,1,1,1,1,1,1,0,1,0,0,0,1,1,1,1,1,1,0,1,0,1,1,0,1,1,0,1,0,0,0,1,0,1,1,1,0,1,1,1,1,0,1,1
Goodware,0,0,1,1,0,1,1,1,0,1,0,1,0,0,0,1,1,0,1,1,1,0,1,1,1,1,0,0,0,1,0,0,1,1,1,1,1,0,1,1,0,0,0,1,0,1,1,0,1,1,1,0,1,1,1,1,0,1,1,0,1,0,0,0,1,0,1,1,1,0,1,1,1,1,0,1,1
Goodware,0,0,0,0,0,0,0,0,0,0,0,0,0,0,0,0,0,0,0,1,0,0,1,0,0,0,0,0,0,1,0,0,0,1,0,0,0,0,0,0,0,0,0,0,0,0,0,0,0,0,0,0,0,0,0,0,0,1,0,0,0,0,0,0,1,0,1,0,0,0,0,1,1,1,0,1,1
Goodware,0,0,0,0,0,0,0,0,0,0,0,0,1,0,0,0,0,0,0,0,1,0,0,0,0,0,0,0,0,0,0,0,0,1,0,0,0,0,0,0,0,0,0,0,0,0,0,0,0,0,0,0,0,0,0,0,0,0,0,0,0,0,0,0,1,0,1,0,0,0,0,1,1,1,0,1,1
Goodware,0,0,1,1,1,1,1,1,1,1,1,1,1,0,0,1,1,1,1,1,1,1,1,1,1,1,1,0,0,1,1,0,1,1,1,1,1,1,1,1,0,1,1,1,0,1,1,1,1,1,1,0,1,1,1,1,0,1,1,1,1,0,0,0,1,0,1,1,1,0,1,1,1,1,0,1,1
Goodware,0,0,1,1,1,1,1,1,0,1,0,1,1,0,0,0,0,0,0,1,1,0,1,0,1,1,0,0,0,1,0,0,1,1,1,0,1,0,1,0,0,0,0,0,0,0,0,0,1,1,0,0,1,1,1,1,0,1,1,0,1,0,0,0,1,0,1,1,1,0,1,1,1,1,0,1,1
Goodware,0,0,1,1,1,1,1,1,1,1,1,1,0,1,1,1,1,0,1,1,1,1,1,0,1,1,0,0,0,1,0,0,1,1,1,1,1,1,1,1,0,1,1,0,0,1,1,1,1,1,1,0,1,1,1,1,0,1,1,1,1,0,0,0,1,0,1,1,1,0,1,1,1,1,0,1,1
Goodware,0,0,0,0,0,1,0,1,0,0,1,1,1,0,0,1,1,1,0,1,0,0,1,1,0,0,0,0,0,1,0,0,1,0,1,1,1,0,0,0,0,1,1,0,0,1,0,0,0,1,0,0,1,0,1,0,0,1,1,0,0,0,0,0,1,0,1,0,0,0,0,1,1,1,0,1,1
Goodware,0,0,1,1,1,1,1,1,1,1,1,1,0,0,0,0,0,0,1,1,1,0,1,1,1,1,0,0,0,1,0,0,1,1,1,1,1,1,1,0,0,1,0,0,0,1,1,1,1,1,0,0,1,1,1,1,0,1,1,1,1,0,0,0,1,0,1,1,1,0,1,1,1,1,0,1,1
Goodware,0,0,1,1,1,1,1,1,1,1,1,1,1,0,0,1,1,0,0,1,1,0,1,0,1,1,0,0,1,1,0,0,1,1,1,1,1,1,1,1,0,1,1,1,0,1,1,1,1,1,1,0,1,1,1,1,1,1,1,1,1,0,0,0,1,0,1,1,1,0,1,1,1,1,0,1,1
Goodware,0,0,1,1,1,1,1,1,1,1,1,1,1,1,1,1,1,0,1,1,1,1,1,0,1,1,1,0,0,1,0,0,1,1,1,1,1,1,1,1,0,1,1,0,0,1,1,1,1,1,1,0,1,1,1,1,0,1,1,1,1,0,0,0,1,0,1,1,1,0,1,1,1,1,0,1,1
Goodware,0,0,1,1,1,1,1,1,1,1,1,1,1,1,1,1,1,0,1,1,1,0,1,1,1,1,1,0,1,1,0,1,1,1,1,1,1,1,1,1,0,1,1,0,0,1,1,1,1,1,1,0,1,1,1,1,1,1,1,1,1,0,0,0,1,0,1,1,1,0,1,1,1,1,0,1,1
Goodware,0,0,1,1,1,1,1,1,1,1,1,1,1,0,0,1,1,0,0,1,1,0,1,1,1,1,0,0,0,1,0,0,1,1,1,1,1,1,1,1,0,1,1,1,1,1,1,1,1,1,1,0,1,1,1,1,0,1,1,1,1,0,0,0,1,0,1,1,1,0,1,1,1,1,0,1,1
Goodware,0,0,1,1,1,1,1,1,1,1,1,1,1,1,1,1,1,1,1,1,1,1,1,0,1,1,1,0,0,1,0,1,1,1,1,1,1,1,1,1,0,1,1,0,0,1,1,1,1,1,1,0,1,1,1,1,0,1,1,1,1,0,0,0,1,0,1,1,1,0,1,1,1,1,0,1,1
Goodware,0,0,1,1,0,1,0,0,0,0,0,0,0,0,0,0,0,0,0,1,1,0,1,0,0,0,0,0,0,1,0,0,1,0,0,0,0,0,1,0,1,0,0,0,0,1,0,0,1,1,1,0,1,1,0,1,0,1,0,0,1,0,0,0,1,0,1,0,0,0,0,1,1,1,0,1,1
Goodware,0,0,1,1,1,1,1,1,1,1,1,1,1,0,0,0,1,0,1,1,1,0,1,1,1,1,1,0,1,1,0,1,1,1,1,1,1,1,1,0,0,1,1,0,0,1,0,1,1,1,0,0,1,1,1,1,1,1,1,1,1,0,0,0,1,0,1,1,1,0,1,1,1,1,0,1,1
Goodware,0,0,1,0,1,0,0,0,0,0,0,1,0,0,0,0,0,0,0,0,1,0,0,0,0,0,0,0,0,1,0,0,1,0,0,0,0,0,1,0,0,0,0,0,0,1,0,0,1,0,0,0,0,0,0,1,0,1,0,1,1,0,0,0,1,0,1,0,1,0,1,1,1,1,0,1,1
Goodware,0,0,0,1,0,0,0,1,0,0,0,0,1,0,0,0,0,0,0,1,1,0,0,0,0,0,0,0,0,1,1,0,0,1,0,0,1,1,1,0,0,0,0,0,0,0,0,0,0,0,0,0,1,1,1,0,0,1,1,0,1,0,0,0,1,0,1,0,0,0,0,1,1,1,0,1,1
Goodware,0,0,1,1,1,1,1,1,1,1,1,1,1,0,0,1,1,0,0,1,1,0,1,1,1,1,0,0,0,1,0,0,1,1,1,1,1,1,1,1,0,1,1,1,1,1,1,1,1,1,1,0,1,1,1,1,0,1,1,1,1,0,0,0,1,0,1,1,1,0,1,1,1,1,0,1,1
Goodware,0,0,1,0,0,1,0,0,0,0,1,0,0,0,0,0,0,0,0,1,1,0,1,1,0,0,0,0,0,1,0,0,1,0,0,1,0,0,1,0,0,0,0,0,0,0,0,0,1,1,0,0,1,0,0,1,0,1,0,0,1,0,0,0,1,0,1,0,0,0,0,1,1,1,0,1,1
Goodware,0,0,1,1,0,1,0,1,0,0,1,0,0,0,0,0,0,0,0,1,1,0,1,0,0,0,0,0,0,1,0,0,0,1,0,0,1,0,1,0,1,0,1,0,0,1,0,0,1,1,1,0,1,1,1,0,0,1,1,0,1,0,0,0,1,0,1,0,0,0,1,1,1,1,0,1,1
Goodware,0,0,1,1,1,1,1,1,1,1,1,1,1,0,0,1,1,1,1,1,1,1,1,1,1,1,1,1,0,1,1,1,1,1,1,1,1,1,1,0,1,1,1,1,0,1,1,1,1,1,1,0,1,1,1,1,0,1,1,1,1,0,0,0,1,1,1,1,1,1,1,1,1,1,1,1,1
Goodware,0,0,1,1,0,1,0,1,0,0,1,0,1,0,0,1,1,0,0,1,1,0,1,1,1,1,0,0,0,1,0,0,1,1,1,1,1,0,1,0,0,1,1,1,0,1,0,1,1,1,1,0,1,1,1,0,0,1,1,0,1,0,0,0,1,0,1,1,1,0,1,1,1,1,0,1,1
Goodware,0,0,1,0,1,0,1,1,0,1,1,1,0,0,0,1,1,0,0,1,1,0,1,0,1,1,0,0,0,1,0,1,1,1,1,1,1,1,1,0,0,1,0,0,0,1,1,0,1,0,0,0,0,0,1,1,0,1,1,0,1,0,0,0,1,0,1,1,0,0,1,1,1,1,0,1,1
Goodware,0,0,1,1,1,0,1,1,0,1,1,1,1,1,1,1,1,1,0,1,1,0,1,1,0,0,1,0,0,1,1,0,1,1,1,1,1,1,1,0,1,1,1,0,0,1,1,1,1,0,1,0,1,1,1,1,0,1,1,1,1,0,0,0,1,0,1,1,1,0,1,1,1,1,0,1,1
Goodware,0,0,1,0,0,1,0,0,0,0,1,0,1,0,0,0,0,0,0,1,1,0,1,1,0,0,0,0,0,1,0,0,1,1,0,1,1,1,1,1,0,1,1,0,1,1,0,1,1,1,1,0,1,0,0,0,0,1,1,0,1,0,0,1,1,0,1,0,1,0,1,1,1,1,0,1,1
Goodware,0,0,1,1,1,1,1,1,1,1,1,1,1,0,0,1,1,0,0,1,1,0,1,1,1,1,0,0,1,1,0,0,1,1,1,1,1,1,1,1,0,1,1,1,1,1,1,1,1,1,1,0,1,1,1,1,1,1,1,1,1,0,0,0,1,0,1,1,1,0,1,1,1,1,0,1,1
Goodware,0,0,1,1,1,1,1,1,1,1,1,1,1,0,0,1,1,0,0,1,1,0,1,0,1,1,0,0,1,1,0,0,1,1,1,1,1,1,1,0,1,1,1,0,0,1,0,1,1,1,1,0,1,1,1,1,1,1,1,1,1,0,0,0,1,0,1,1,1,0,1,1,1,1,0,1,1
Goodware,0,0,0,0,0,1,0,0,0,0,0,0,0,0,0,0,0,0,0,1,0,0,1,0,0,0,0,0,0,1,0,0,0,0,0,0,1,0,0,0,0,0,0,0,0,1,0,0,0,1,0,0,0,0,0,0,0,1,1,0,0,0,0,0,1,0,1,0,0,0,1,1,1,1,0,1,1
Goodware,0,0,1,1,0,1,1,1,0,1,1,1,1,0,0,0,0,0,0,1,1,0,1,1,1,1,0,0,0,1,1,1,1,1,1,1,1,1,1,0,0,1,0,1,0,1,1,1,1,1,0,0,1,1,1,1,0,1,1,0,1,1,0,0,1,1,1,1,1,1,1,1,1,1,1,1,1
Goodware,0,0,1,0,1,1,1,1,1,1,1,1,1,0,0,1,1,0,1,1,1,0,1,1,1,1,0,0,0,1,0,0,1,1,1,1,1,1,1,0,0,1,1,0,0,1,0,1,1,1,0,0,1,0,1,1,0,1,1,0,1,0,0,0,1,0,1,1,1,0,1,1,1,1,0,1,1
Goodware,0,0,1,1,1,1,1,1,1,1,1,1,1,1,1,1,1,1,1,1,1,0,1,1,1,1,0,0,0,1,0,1,1,1,1,1,1,1,1,1,0,1,0,1,0,1,1,1,1,1,1,0,1,1,1,1,0,1,1,1,1,0,0,0,1,0,1,1,1,0,1,1,1,1,0,1,1
Goodware,0,0,0,0,1,0,1,1,0,0,1,0,1,0,0,1,1,0,0,1,1,0,1,1,0,0,1,0,0,1,0,0,1,1,1,1,0,0,1,0,0,0,0,0,0,1,0,0,0,0,0,0,1,0,1,1,0,1,0,1,1,0,0,0,1,0,1,1,0,0,0,1,1,1,0,1,1
Goodware,0,0,1,0,1,0,1,1,0,1,1,1,0,0,0,1,1,0,0,1,1,0,1,0,1,1,0,0,0,1,0,1,1,1,1,1,1,1,1,0,0,1,0,0,0,0,0,0,1,0,0,0,0,0,1,1,0,1,1,0,1,0,0,0,1,0,1,1,1,0,1,1,1,1,0,1,1
Goodware,0,0,1,1,1,1,1,1,1,1,1,1,1,1,1,1,1,1,1,1,1,1,1,1,1,1,1,0,1,1,1,0,1,1,1,1,1,1,1,0,1,1,1,1,0,1,1,1,1,1,1,0,1,1,1,1,1,1,1,1,1,0,0,0,1,0,1,1,1,0,1,1,1,1,0,1,1
Goodware,0,0,0,0,0,0,0,0,0,0,0,0,0,0,0,1,1,0,1,0,1,0,1,0,0,0,0,0,0,1,0,0,0,0,0,0,0,0,0,0,0,0,0,0,0,0,0,0,0,0,0,0,0,0,0,0,0,1,0,0,0,0,0,0,1,0,1,0,0,0,0,1,1,1,0,1,1
Goodware,0,0,1,1,1,1,1,1,1,1,1,1,0,1,1,1,1,0,0,1,1,0,1,1,1,1,1,0,1,1,1,0,1,1,1,1,1,1,1,0,1,1,1,0,0,1,1,1,1,1,1,0,1,1,1,1,1,1,1,1,1,0,0,0,1,0,1,1,1,0,1,1,1,1,0,1,1
Goodware,0,0,1,0,0,1,0,0,0,0,1,0,0,0,0,0,0,0,0,1,0,0,1,1,1,1,0,0,0,1,0,0,1,1,1,1,1,1,1,0,0,1,0,0,0,1,0,1,1,1,0,0,1,0,0,1,0,1,1,0,1,0,0,0,1,0,1,1,1,0,1,1,1,1,0,1,1
Goodware,0,0,0,0,0,0,0,1,0,0,1,0,1,0,0,0,0,0,0,1,0,0,0,1,0,0,0,0,0,1,0,0,0,0,0,1,0,0,0,0,0,1,1,0,0,1,0,0,0,0,0,0,1,0,1,0,0,0,0,0,0,0,0,0,1,0,1,0,0,0,0,1,1,1,0,1,1
Goodware,0,0,1,1,1,1,1,1,1,1,1,1,1,1,1,1,1,1,1,1,1,0,1,1,1,1,0,0,0,1,0,0,1,1,1,1,1,1,1,1,0,1,1,0,0,1,1,1,1,1,1,0,1,1,1,1,0,1,1,1,1,0,0,0,1,0,1,1,1,0,1,1,1,1,0,1,1
Goodware,0,0,1,0,1,1,1,1,1,1,1,1,1,0,0,1,1,1,1,1,1,0,1,1,1,1,0,0,0,1,0,0,1,1,1,1,1,1,1,1,0,1,0,0,0,1,1,1,1,1,1,0,1,0,1,1,0,1,1,1,1,0,0,0,1,0,1,1,1,0,1,1,1,1,0,1,1
Goodware,0,0,1,1,1,1,1,1,1,1,1,1,1,0,0,1,1,1,0,1,1,0,1,1,1,1,1,0,0,1,1,0,1,1,1,1,1,1,1,0,1,1,1,1,0,1,1,1,1,1,1,0,1,1,1,1,0,1,1,1,1,0,0,0,1,0,1,1,1,0,1,1,1,1,0,1,1
Goodware,0,0,1,1,1,1,1,1,1,1,1,1,1,0,0,1,1,1,1,1,1,1,1,1,1,1,1,0,0,1,1,0,1,1,1,1,1,1,1,0,0,1,1,1,0,1,1,1,1,1,0,0,1,1,1,1,0,1,1,1,1,0,0,0,1,0,1,1,1,0,1,1,1,1,0,1,1
Goodware,0,0,1,0,0,1,1,1,0,1,0,1,0,0,0,1,1,0,0,1,1,0,1,1,1,1,0,0,0,1,0,0,1,1,1,1,1,0,1,0,0,1,0,0,0,1,1,0,1,1,0,0,1,0,1,0,0,1,1,0,1,0,0,0,1,0,1,1,0,0,1,1,1,1,0,1,1
Goodware,0,0,1,1,0,1,1,1,1,1,0,1,0,0,0,0,0,0,0,1,1,0,1,1,1,1,0,0,1,1,1,0,1,1,1,1,1,1,1,0,0,0,0,1,0,1,1,1,1,1,0,0,1,1,1,1,1,1,1,1,1,0,0,0,1,0,1,1,1,0,1,1,1,1,0,1,1
Ransomware,0,0,0,0,0,0,0,0,0,0,1,0,0,0,0,0,0,0,1,1,1,0,0,0,0,0,1,0,0,1,0,0,1,1,1,1,1,0,0,0,0,0,0,0,0,1,0,0,0,0,0,0,0,0,0,0,0,1,1,0,0,0,0,0,1,0,1,1,0,0,0,1,1,1,0,1,1
Ransomware,0,0,0,0,1,0,0,0,0,0,0,0,1,0,0,0,0,0,1,1,1,0,1,0,0,0,0,0,0,1,0,1,1,1,0,0,0,0,0,0,0,0,0,0,0,0,0,0,0,0,0,0,0,0,0,0,0,1,0,1,0,0,0,0,1,0,1,0,0,0,0,1,1,1,0,1,1
Ransomware,0,0,0,0,0,0,0,0,0,0,0,0,1,0,0,0,0,0,0,0,1,0,0,0,0,0,0,0,0,0,1,0,0,0,0,0,0,0,0,0,0,0,0,0,0,0,0,0,0,0,0,0,0,0,0,0,0,0,0,0,0,0,0,0,1,0,1,0,0,0,0,1,1,1,0,1,1
Ransomware,0,0,0,0,0,0,0,0,0,0,0,0,0,0,0,0,0,0,1,1,1,0,1,0,0,0,0,0,0,1,1,0,1,0,0,0,1,0,0,0,0,0,0,0,0,1,0,0,0,0,0,0,0,0,0,1,0,1,1,1,0,0,0,0,1,0,1,0,0,0,0,1,1,1,0,1,1
Ransomware,0,0,0,0,0,0,0,0,0,0,0,0,0,0,0,0,0,0,0,1,1,0,0,0,0,0,0,0,0,0,0,0,0,0,0,0,0,0,0,0,0,0,0,0,0,0,0,0,0,0,0,0,0,0,0,0,0,0,0,0,0,0,0,0,0,0,1,0,0,0,0,1,1,0,0,1,0
Ransomware,1,0,1,0,0,1,0,1,0,0,0,0,0,0,0,0,0,0,0,0,0,0,0,0,0,0,0,0,0,1,1,0,1,0,0,0,0,0,1,0,0,0,0,1,0,0,0,0,1,1,0,1,1,0,1,1,0,1,0,0,1,0,0,0,1,0,1,0,0,0,0,1,1,1,0,1,1
Ransomware,0,0,0,0,0,0,0,0,0,0,0,1,0,0,0,0,0,0,0,1,1,0,0,0,0,0,0,0,0,1,1,1,1,1,0,1,0,0,0,0,0,0,0,0,0,0,0,0,0,0,0,0,0,0,0,0,0,1,0,0,0,0,0,0,1,0,1,0,0,0,0,1,1,1,0,1,1
Ransomware,0,0,0,0,0,1,1,0,0,0,0,0,0,0,0,0,0,0,0,1,1,0,1,0,0,0,0,0,0,1,0,0,0,0,0,0,0,0,0,0,0,0,0,0,0,0,0,0,0,1,0,0,0,0,1,1,0,1,0,1,0,0,0,0,1,0,1,0,0,0,0,1,1,1,0,1,1
Ransomware,0,1,1,1,1,1,0,1,0,1,1,1,1,0,0,0,0,1,0,1,1,0,1,1,1,1,1,0,0,1,1,1,1,1,1,1,1,1,1,0,1,1,1,1,0,1,1,1,1,1,1,1,1,1,1,1,0,1,1,1,1,0,0,0,1,0,1,1,1,0,1,1,1,1,0,1,1
Ransomware,0,0,0,1,0,0,1,1,0,0,1,1,1,0,0,0,0,0,0,1,1,0,0,0,0,0,1,0,0,1,1,0,1,1,1,1,1,1,1,0,0,0,0,0,0,1,1,0,0,0,0,0,1,1,1,1,0,1,1,0,1,0,0,0,1,0,1,1,0,0,1,1,1,1,0,1,1
Ransomware,0,1,1,1,1,1,0,1,0,0,1,0,1,0,0,0,0,0,0,1,1,0,1,1,1,1,0,0,0,1,1,1,1,1,1,1,1,0,1,0,1,1,1,1,0,1,1,1,1,1,1,1,1,1,1,1,0,1,1,1,1,0,0,0,1,0,1,1,1,0,1,1,1,1,0,1,1
Ransomware,0,0,0,0,0,0,0,0,0,0,0,0,0,0,0,0,0,0,0,0,1,0,0,0,0,0,0,0,0,0,0,0,0,0,0,0,0,0,0,0,0,0,0,0,0,0,0,0,0,0,0,0,0,0,0,0,0,0,0,0,0,0,0,0,0,0,1,0,0,0,0,1,1,0,0,1,0
Ransomware,0,0,0,0,0,0,0,0,0,0,0,0,0,0,0,0,0,0,1,1,1,0,0,0,0,0,0,0,0,0,0,0,0,0,0,0,0,0,1,0,0,0,0,0,0,0,0,0,0,0,0,0,0,0,0,0,0,0,0,0,0,0,0,0,1,0,1,0,1,0,1,1,1,1,0,1,1
Ransomware,0,0,0,0,0,0,0,0,0,0,0,0,1,0,0,0,0,0,0,0,1,0,0,0,0,0,0,0,0,0,0,0,0,0,0,0,0,0,0,0,0,0,0,0,0,0,0,0,0,0,0,0,0,0,0,0,0,0,0,0,0,0,0,0,1,0,1,0,0,0,0,1,1,1,0,1,1
Ransomware,0,0,0,1,0,1,0,1,0,0,0,0,1,0,0,0,0,0,0,0,1,0,0,1,1,0,0,0,1,1,0,0,1,1,1,1,0,0,0,0,0,0,0,1,0,0,0,0,0,1,0,0,1,1,1,0,1,1,0,0,0,0,0,0,1,0,1,1,0,0,0,1,1,1,0,1,1
Ransomware,0,0,1,1,0,1,1,1,0,1,1,1,1,0,0,1,1,0,0,1,1,0,1,1,1,1,1,0,0,1,0,0,1,1,1,1,1,1,1,0,1,1,1,1,0,1,1,1,1,1,1,0,1,1,1,1,0,1,1,0,1,0,0,0,1,0,1,1,1,0,1,1,1,1,0,1,1
Ransomware,0,0,0,0,0,0,0,1,0,0,0,0,0,0,0,0,0,0,0,0,1,0,0,0,0,0,0,0,0,1,0,0,0,0,0,0,1,0,1,0,0,0,0,0,0,1,0,0,0,0,0,0,0,0,1,0,0,1,1,0,0,0,0,0,1,0,1,0,1,0,1,1,1,1,0,1,1
Ransomware,0,0,0,0,0,1,0,1,0,0,0,0,0,0,0,0,0,0,0,0,1,0,1,0,0,0,0,0,0,1,0,0,1,1,1,1,1,0,0,0,0,1,0,0,0,1,0,0,0,1,0,0,0,0,1,1,0,1,1,0,0,0,0,0,1,0,1,0,0,0,0,1,1,1,0,1,1
Ransomware,0,0,0,0,0,0,0,1,0,0,0,0,0,0,0,0,0,0,0,0,1,0,0,0,0,0,0,0,0,1,0,0,0,0,0,0,1,0,1,0,0,0,0,0,0,1,0,0,0,0,0,0,0,0,1,0,0,1,1,0,0,0,0,0,1,0,1,0,1,0,1,1,1,1,0,1,1
Ransomware,0,0,0,0,0,0,0,0,0,0,0,0,1,0,0,0,0,0,0,1,1,0,0,0,0,0,0,0,0,0,1,0,0,0,0,0,0,0,0,0,0,0,0,0,0,0,0,0,0,0,0,0,0,0,0,0,0,0,0,0,0,0,0,0,1,0,1,0,0,0,0,1,1,1,0,1,1
Ransomware,0,0,0,0,0,0,0,0,0,0,0,0,0,0,0,0,0,0,0,0,1,0,0,1,1,0,0,0,0,1,0,0,0,0,0,0,1,1,1,0,0,0,0,0,0,0,0,0,0,0,0,0,0,0,0,0,0,1,1,0,1,0,0,0,1,0,1,1,0,0,0,1,1,1,0,1,1
Ransomware,0,0,1,1,1,0,1,1,1,1,1,1,1,0,0,1,1,0,0,1,1,0,1,0,1,1,0,0,0,1,0,0,1,1,1,1,1,1,1,0,0,0,0,0,0,0,1,0,1,0,0,0,1,1,1,1,0,1,1,0,1,0,0,0,1,0,1,1,1,0,1,1,1,1,0,1,1
Ransomware,0,0,0,0,1,1,1,0,0,0,0,0,0,0,0,0,0,0,0,1,1,0,0,1,1,0,0,0,1,1,1,0,1,0,1,1,1,1,1,0,0,0,0,0,0,1,0,1,0,1,0,0,1,0,1,1,1,1,1,1,1,0,0,0,1,0,1,1,1,0,1,1,1,1,0,1,1
Ransomware,0,0,0,0,0,0,0,1,0,0,1,0,0,0,0,0,0,0,0,1,1,0,0,0,0,0,0,0,0,1,0,0,1,0,0,0,0,0,0,0,0,0,0,0,0,0,0,0,0,0,0,0,0,0,1,1,0,1,0,0,0,0,0,0,1,0,1,0,0,0,0,1,1,1,0,1,1
Ransomware,0,0,0,0,0,0,0,0,0,0,0,0,0,0,0,0,0,0,0,0,1,0,0,0,0,0,0,0,0,1,0,0,0,0,0,0,0,0,0,0,0,0,0,0,0,0,0,0,0,0,0,0,0,0,0,1,0,0,0,0,0,0,0,0,1,0,1,0,0,0,0,1,1,1,0,1,1
Ransomware,0,0,0,0,0,0,0,0,0,0,0,0,0,0,0,0,0,0,0,0,0,0,0,0,0,0,0,0,0,0,0,1,0,0,0,0,0,0,0,0,0,0,0,0,0,0,0,0,0,0,0,0,0,0,0,0,0,0,0,0,0,0,0,0,0,0,0,0,0,0,0,0,0,0,0,0,0
Ransomware,0,0,0,0,0,0,0,1,0,0,0,0,0,0,0,0,0,0,0,0,1,0,0,0,0,0,0,0,0,1,0,0,0,0,0,0,1,0,0,0,0,0,0,0,0,1,0,0,0,0,0,0,0,0,1,0,0,1,1,0,0,0,0,0,1,0,1,0,0,0,1,1,1,1,0,1,1
Ransomware,1,1,1,1,0,1,1,1,0,1,1,1,1,0,0,0,0,0,1,1,1,0,1,1,1,1,1,1,0,1,1,0,1,1,1,1,1,0,1,0,0,0,1,1,0,1,1,1,1,1,0,1,1,1,1,1,0,1,1,1,1,1,0,0,1,1,1,1,1,1,1,1,1,1,1,1,1
Ransomware,0,0,0,0,0,0,0,0,0,0,0,0,0,0,0,0,0,0,0,0,1,0,0,0,0,0,0,0,0,0,0,0,0,0,0,0,0,0,0,0,0,0,0,0,0,0,0,0,0,0,0,0,0,0,0,0,0,0,0,0,0,0,0,0,0,0,1,0,0,0,0,1,1,0,0,1,0
Ransomware,0,0,0,0,0,0,0,0,0,0,0,0,0,0,0,0,0,0,0,1,1,0,0,0,0,0,0,0,0,0,0,0,0,0,0,0,0,0,0,0,0,0,0,0,0,0,0,0,0,0,0,0,0,0,0,0,0,0,0,0,0,0,0,0,0,0,1,0,0,0,0,1,1,0,0,1,0
Ransomware,0,1,1,1,0,1,1,1,0,1,0,1,1,0,0,0,0,0,0,1,1,0,1,0,1,1,0,1,0,1,1,0,1,1,1,1,1,0,1,0,0,0,0,0,0,1,1,0,1,1,0,1,0,1,1,1,0,1,1,1,0,0,0,0,1,1,1,1,1,1,1,1,1,1,1,1,1
Ransomware,0,0,0,0,0,0,0,0,0,0,0,0,0,0,0,0,0,0,0,0,1,0,0,0,0,0,0,0,0,0,0,0,0,0,0,0,0,0,0,0,0,0,0,0,0,0,0,0,0,0,0,0,0,0,0,0,0,0,0,0,0,0,0,0,0,0,1,0,0,0,0,1,1,0,0,1,0
Ransomware,0,0,0,0,0,1,0,0,0,0,1,0,0,0,0,0,0,0,0,1,1,0,1,1,0,0,0,0,0,1,1,1,1,0,0,1,1,0,1,0,0,0,0,0,0,0,0,0,0,1,0,0,1,0,0,1,0,1,1,0,1,0,0,0,1,0,1,0,1,0,1,1,1,1,0,1,1
Ransomware,0,0,1,0,1,0,1,1,0,0,1,0,1,0,0,1,1,0,0,1,1,0,1,1,0,0,1,0,0,1,0,0,1,1,1,1,0,0,0,0,1,0,0,0,0,0,0,0,1,0,1,0,0,0,1,1,0,1,0,1,0,0,0,0,1,0,1,1,0,0,0,1,1,1,0,1,1
Ransomware,0,0,0,0,0,1,0,1,0,0,0,0,1,0,0,1,1,0,0,1,1,0,1,0,0,0,0,0,0,1,0,1,0,0,0,0,1,0,0,0,0,0,0,0,0,0,0,0,0,1,0,0,0,0,1,0,0,1,1,0,0,0,0,0,1,0,1,0,0,0,1,1,1,1,0,1,1
Ransomware,0,0,0,0,0,0,0,0,0,0,0,1,0,0,0,0,0,0,0,1,1,0,0,0,0,0,0,0,0,1,1,0,1,1,1,1,1,1,1,0,0,0,0,0,0,0,0,0,0,0,0,0,1,0,0,1,0,1,1,1,1,0,0,0,1,0,1,0,1,0,1,1,1,1,0,1,1
Ransomware,0,0,0,0,0,0,0,0,0,0,0,0,1,0,0,0,0,0,0,1,1,0,1,0,0,0,0,0,0,0,1,0,1,0,0,0,1,0,1,0,0,0,0,0,0,0,0,0,0,0,0,0,0,0,0,0,0,1,0,0,0,0,0,0,1,0,1,0,1,0,1,1,1,1,0,1,1
Ransomware,0,0,0,0,0,0,0,0,0,0,0,1,0,0,0,0,0,0,0,1,1,0,0,0,0,0,0,0,0,1,1,0,1,1,1,1,1,1,1,0,0,0,0,0,0,0,0,0,0,0,0,0,1,0,0,1,0,1,1,1,1,0,0,0,1,0,1,0,1,0,1,1,1,1,0,1,1
Ransomware,0,0,0,0,1,0,0,1,0,0,0,0,0,0,0,0,0,0,1,0,1,0,0,0,0,0,0,0,0,1,0,0,0,0,0,0,1,0,1,0,0,0,0,0,0,1,1,0,0,0,0,0,0,0,1,0,0,1,1,1,1,0,0,0,1,0,1,0,1,0,1,1,1,1,0,1,1
Ransomware,0,0,0,0,0,1,0,1,0,0,0,1,1,0,0,0,0,0,0,1,1,0,1,0,1,1,0,0,0,1,1,1,1,1,1,1,1,1,1,0,0,0,0,1,0,0,1,0,0,1,0,1,1,0,1,1,0,1,1,1,1,0,0,0,1,0,1,1,1,0,1,1,1,1,0,1,1
Ransomware,0,0,0,1,1,1,0,1,0,0,1,1,1,0,0,1,1,0,1,1,1,0,1,1,1,1,0,0,0,1,1,0,1,1,1,0,1,1,1,0,0,0,0,0,0,1,1,0,0,1,0,0,1,1,1,1,0,1,1,1,1,0,0,0,1,0,1,1,1,0,1,1,1,1,0,1,1
Ransomware,0,0,0,0,0,0,0,0,0,0,0,0,0,0,0,0,0,0,0,0,1,0,1,0,0,0,0,0,0,1,0,0,0,0,0,0,0,0,0,0,0,0,0,0,0,0,0,0,0,0,0,0,0,0,0,0,0,1,0,0,0,0,0,0,1,0,1,0,0,0,0,1,1,1,0,1,1
Ransomware,0,0,0,0,0,0,0,0,0,0,0,0,0,0,0,0,0,0,0,0,1,0,0,0,0,0,0,0,0,1,0,0,0,0,0,0,0,0,1,0,0,0,0,0,0,0,0,0,0,0,0,0,0,0,0,0,0,1,0,0,1,0,0,0,1,0,1,0,0,0,0,1,1,1,0,1,1
Ransomware,0,0,0,0,0,1,0,0,0,0,1,0,0,0,0,0,0,0,0,1,1,0,1,0,0,0,0,0,0,1,1,0,1,0,0,1,1,0,1,0,0,0,0,0,0,0,0,0,0,1,0,0,1,0,0,1,0,1,1,0,1,0,0,0,1,0,1,0,1,0,1,1,1,1,0,1,1
Ransomware,0,0,0,0,0,1,0,1,0,0,1,0,0,0,0,0,0,0,0,1,1,0,0,0,0,0,0,0,0,1,0,0,0,0,0,0,0,0,0,0,0,0,0,0,0,0,0,0,0,1,0,0,0,0,1,1,0,1,0,0,0,0,0,0,1,0,1,0,0,0,0,1,1,1,0,1,1
Ransomware,0,0,0,0,0,0,1,1,0,1,1,1,0,0,0,1,1,0,0,1,1,0,1,0,1,1,0,0,0,1,1,0,1,1,1,0,1,0,0,0,0,0,0,1,0,0,0,1,0,0,0,0,0,0,1,1,0,1,1,1,0,0,0,0,1,0,1,1,0,0,1,1,1,1,0,1,1
Ransomware,0,0,1,0,1,1,0,1,0,1,1,1,1,0,0,1,1,0,0,1,1,0,1,1,1,1,0,0,0,1,1,0,1,1,1,1,1,1,1,0,0,1,0,0,0,1,1,0,1,1,0,0,1,0,1,1,0,1,1,1,1,0,0,0,1,0,1,1,1,0,1,1,1,1,0,1,1
Ransomware,0,1,1,1,0,1,1,1,0,1,0,1,1,0,0,0,0,0,0,1,1,0,1,0,1,1,0,1,0,1,1,0,1,1,1,1,1,0,1,0,0,0,0,0,0,1,1,0,1,1,0,1,0,1,1,1,0,1,1,1,0,0,0,0,1,1,1,1,1,1,1,1,1,1,1,1,1
Ransomware,0,0,1,0,1,1,0,1,0,1,0,1,1,0,0,0,0,0,0,1,1,0,1,0,1,1,0,0,0,1,1,0,1,0,1,1,1,1,1,0,0,0,1,0,0,0,0,0,1,1,0,0,1,0,1,1,0,1,1,1,1,0,0,0,1,0,1,1,1,0,1,1,1,1,0,1,1
Ransomware,0,0,1,1,0,1,1,1,0,1,0,1,1,0,0,0,0,0,0,1,1,0,1,0,1,1,0,0,0,1,0,1,1,1,1,1,1,0,0,0,0,0,0,0,0,1,1,0,1,1,0,0,0,0,1,1,0,1,1,1,0,0,0,0,1,0,1,1,1,0,1,1,1,1,0,1,1
Ransomware,0,0,0,0,1,0,0,0,0,0,0,0,1,0,0,0,0,0,0,1,1,0,0,0,0,0,0,0,0,1,0,0,0,0,0,0,1,0,1,0,0,0,0,0,0,0,0,0,0,0,0,0,0,0,0,1,0,0,0,0,0,0,0,0,1,0,1,0,1,0,1,1,1,1,0,1,1
Ransomware,0,0,0,0,0,1,0,0,0,0,0,0,0,0,0,0,0,0,0,1,1,0,0,0,0,0,0,0,0,0,1,1,1,0,1,0,0,0,0,0,0,0,0,0,0,0,0,0,0,1,0,0,0,0,0,0,0,0,0,1,0,0,0,0,1,0,1,0,0,0,0,1,1,1,0,1,1
Ransomware,0,0,1,0,0,1,0,1,1,1,0,1,1,0,0,1,0,0,0,1,1,0,1,0,1,1,0,0,1,1,1,0,1,1,1,1,1,1,1,0,0,0,0,1,0,1,1,0,1,1,0,0,1,0,1,1,1,1,1,1,1,0,0,0,1,0,1,1,1,0,1,1,1,1,0,1,1
Ransomware,0,0,0,1,1,1,0,1,0,0,1,1,1,0,0,1,1,0,1,1,1,0,1,1,1,1,0,0,0,1,1,0,1,1,1,0,1,1,1,0,0,0,0,0,0,1,1,0,0,1,0,0,1,1,1,1,0,1,1,1,1,0,0,0,1,0,1,1,1,0,1,1,1,1,0,1,1
Ransomware,0,0,1,0,0,1,0,1,1,1,0,1,1,0,0,1,0,0,0,1,1,0,1,0,1,1,0,0,1,1,1,0,1,0,1,1,1,1,1,0,0,0,0,1,0,1,1,0,1,1,0,0,1,0,1,1,1,1,1,1,1,0,0,0,1,0,1,1,1,0,1,1,1,1,0,1,1
Ransomware,0,0,0,1,1,1,0,1,0,0,1,1,1,0,0,1,1,0,1,1,1,0,1,1,1,1,0,0,0,1,1,0,1,1,1,0,1,1,1,0,0,0,0,0,0,1,1,0,0,1,0,0,1,1,1,1,0,1,1,1,1,0,0,0,1,0,1,1,1,0,1,1,1,1,0,1,1
Ransomware,0,0,1,0,0,1,0,1,1,1,0,1,1,0,0,1,0,0,0,1,1,0,1,0,1,1,0,0,1,1,1,0,1,0,1,1,1,1,1,0,0,0,0,1,0,1,1,0,1,1,0,0,1,0,1,1,1,1,1,1,1,0,0,0,1,0,1,1,1,0,1,1,1,1,0,1,1
Ransomware,0,0,0,0,0,1,0,1,0,0,0,1,1,0,0,0,0,0,0,1,1,0,0,0,0,0,0,0,0,1,0,1,0,0,1,1,1,1,1,0,0,0,0,1,0,0,1,0,0,1,0,0,1,0,1,1,0,1,1,1,1,0,0,0,1,0,1,0,1,0,1,1,1,1,0,1,1
Ransomware,0,0,0,0,0,0,0,1,0,0,0,0,0,0,0,0,0,0,0,0,1,0,0,0,0,0,0,0,0,1,0,1,0,0,0,0,1,0,0,0,0,0,0,0,0,1,0,0,0,0,0,0,0,0,1,0,0,1,1,0,0,0,0,0,1,0,1,0,0,0,0,1,1,1,0,1,1
Ransomware,0,0,1,1,1,1,0,1,0,0,0,0,1,0,0,0,0,0,0,1,1,0,1,0,0,0,0,0,1,1,1,1,1,1,1,1,1,0,1,0,0,1,0,0,0,1,1,0,1,1,0,0,1,1,1,1,1,1,1,1,1,0,0,0,1,0,1,0,1,0,1,1,1,1,0,1,1
Ransomware,0,1,1,1,0,1,1,1,0,1,0,1,1,0,0,0,0,0,0,1,1,0,1,0,1,1,0,1,0,1,1,0,1,1,1,1,1,0,1,0,0,0,0,0,0,1,1,0,1,1,0,1,0,1,1,1,0,1,1,1,0,0,0,0,1,1,1,1,1,1,1,1,1,1,1,1,1
Ransomware,0,0,1,1,0,1,1,0,0,0,0,0,1,0,0,0,0,0,0,0,1,0,0,1,0,0,0,0,0,1,0,0,1,0,1,1,1,1,1,0,0,0,0,0,0,0,1,0,1,1,0,0,1,0,1,1,0,1,1,0,1,0,0,0,1,0,1,0,1,0,1,1,1,1,0,1,1
Ransomware,0,0,0,0,0,0,0,0,0,0,0,0,0,0,0,0,0,0,0,0,0,0,0,0,0,0,0,0,0,0,0,0,0,0,0,0,0,0,1,0,0,0,0,0,0,0,0,0,0,0,0,0,0,0,0,0,0,0,0,0,0,0,0,0,1,0,0,0,1,0,1,0,1,1,0,0,1
Ransomware,0,0,0,1,0,0,1,1,0,0,1,1,1,0,0,0,0,0,0,1,1,0,0,0,0,0,1,0,0,1,1,0,1,1,1,1,1,1,1,0,0,0,0,0,0,1,1,0,0,0,0,0,1,1,1,1,0,1,1,0,1,0,0,0,1,0,1,1,0,0,1,1,1,1,0,1,1
Ransomware,0,0,1,1,0,1,0,1,0,0,1,0,0,0,0,0,0,0,0,1,1,0,1,0,0,0,0,0,0,1,0,0,1,1,0,1,1,0,1,0,1,0,1,0,0,1,0,0,1,1,1,0,1,1,1,0,0,1,1,0,1,0,0,0,1,0,1,0,0,0,1,1,1,1,0,1,1
Ransomware,0,0,1,1,0,1,0,1,0,0,1,0,0,0,0,1,1,0,0,1,1,0,1,1,0,0,0,0,0,1,0,0,1,0,1,1,1,0,0,0,1,0,0,0,0,0,0,0,1,1,1,0,0,1,1,0,0,1,1,0,0,0,0,0,1,0,1,0,0,0,0,1,1,1,0,1,1
Ransomware,0,0,0,0,1,0,1,0,1,1,0,0,1,0,0,0,0,0,1,1,1,0,1,0,0,0,0,0,0,1,0,1,1,1,1,0,0,0,1,0,0,0,0,0,0,0,0,0,0,0,0,0,0,0,1,1,0,1,0,1,0,0,0,0,1,0,1,0,1,0,1,1,1,1,0,1,1
Ransomware,0,0,0,0,0,1,0,1,0,0,0,0,0,0,0,0,0,0,0,0,1,0,1,0,0,0,0,0,0,1,0,0,0,0,0,0,1,0,0,0,0,0,0,0,0,1,0,0,0,1,0,0,0,0,1,0,0,1,1,0,0,0,0,0,1,0,1,0,0,0,0,1,1,1,0,1,1
Ransomware,0,0,0,1,0,0,0,1,0,0,0,0,0,0,0,0,0,0,0,1,1,0,1,1,0,0,0,0,0,1,1,0,0,0,0,0,0,1,0,0,0,0,0,1,0,0,0,0,0,0,0,1,0,1,1,0,0,1,0,0,0,0,0,0,1,0,1,0,1,0,0,1,1,1,0,1,1
Ransomware,0,1,1,1,0,1,1,1,0,1,0,1,1,0,0,0,0,0,0,1,1,0,1,0,1,1,0,1,0,1,1,0,1,1,1,1,1,0,1,0,0,0,0,0,0,1,1,0,1,1,0,1,0,1,1,1,0,1,1,1,0,0,0,0,1,1,1,1,1,1,1,1,1,1,1,1,1
Ransomware,0,0,0,0,0,0,0,1,0,0,0,0,0,0,0,0,0,0,0,0,1,0,0,0,0,0,0,0,0,0,0,0,0,0,0,0,0,0,0,0,0,0,0,0,0,0,0,0,0,0,0,0,0,0,1,0,0,0,0,0,0,0,0,0,1,0,1,0,0,0,0,1,1,1,0,1,1
Ransomware,0,0,0,0,0,1,0,0,0,0,1,0,0,0,0,0,0,0,0,1,1,0,1,1,1,1,0,0,0,1,1,0,0,0,0,0,1,0,1,0,0,0,0,0,0,0,0,0,0,1,0,0,1,1,0,1,0,1,1,0,1,0,0,0,1,0,1,1,0,0,0,1,1,1,0,1,1
Ransomware,0,0,0,0,0,0,0,0,0,0,0,0,0,0,0,0,0,0,0,0,1,0,0,0,0,0,0,0,0,1,0,1,0,0,0,0,0,0,0,0,0,0,0,0,0,0,0,0,0,0,0,0,0,0,0,1,0,0,0,0,0,0,0,0,1,0,1,0,0,0,0,1,1,1,0,1,1
Ransomware,0,0,0,0,1,0,0,0,0,0,0,0,0,0,0,0,0,0,0,0,0,0,1,0,0,0,0,0,0,0,1,0,1,0,0,0,0,0,0,0,0,0,0,0,0,0,0,0,0,0,0,0,0,0,0,0,0,0,0,1,0,0,0,0,1,0,1,0,0,0,0,1,1,1,0,1,1
Ransomware,0,0,0,0,0,1,0,1,0,0,0,0,0,0,0,0,0,0,0,0,1,0,1,0,0,0,0,0,0,1,0,0,0,0,0,0,1,0,1,0,0,0,0,0,0,1,0,0,0,1,0,0,1,0,1,0,0,1,1,0,1,0,0,0,1,0,1,0,1,0,1,1,1,1,0,1,1
Ransomware,0,0,0,0,0,0,0,1,0,0,0,0,1,0,0,0,0,0,0,0,1,0,0,0,0,0,0,0,0,0,0,0,0,0,0,0,0,0,0,0,0,0,0,0,0,0,0,0,0,0,0,0,0,0,1,0,0,0,0,0,0,0,0,0,1,0,1,0,0,0,0,1,1,1,0,1,1
Ransomware,0,1,1,1,0,1,1,1,0,1,0,1,1,0,0,0,0,0,0,1,1,0,1,0,1,1,0,1,0,1,1,0,1,1,1,1,1,0,1,0,0,0,0,0,0,1,1,0,1,1,0,1,0,1,1,1,0,1,1,1,0,0,0,0,1,1,1,1,1,1,1,1,1,1,1,1,1
Ransomware,0,0,0,0,0,0,0,1,0,0,0,0,0,0,0,0,0,0,0,0,1,0,0,0,0,0,0,0,0,1,0,0,0,0,0,0,1,0,0,0,0,0,0,0,0,1,0,0,0,0,0,0,0,0,1,0,0,1,1,0,0,0,0,0,1,0,1,0,0,0,0,1,1,1,0,1,1
Ransomware,0,1,1,1,0,1,1,1,0,1,0,1,1,0,0,0,0,0,0,1,1,0,1,0,1,1,0,1,0,1,0,0,1,1,1,1,1,0,1,0,0,0,0,0,0,1,1,0,1,1,0,1,0,1,1,1,0,1,1,1,0,0,0,0,1,1,1,1,1,1,1,1,1,1,1,1,1
Ransomware,1,1,1,1,0,1,1,1,0,1,1,1,1,0,0,0,0,0,1,1,1,0,1,1,1,1,1,1,0,1,1,0,1,1,1,1,1,0,1,0,0,0,1,1,0,1,1,1,1,1,0,1,1,1,1,1,0,1,1,1,1,1,0,0,1,1,1,1,1,1,1,1,1,1,1,1,1
Ransomware,0,0,0,0,0,0,0,0,0,0,0,0,0,0,0,0,0,0,0,1,1,0,0,0,0,0,0,0,0,0,0,1,0,0,0,0,0,0,0,0,0,0,0,0,0,0,0,0,0,0,0,0,0,0,0,0,0,0,0,0,0,0,0,0,0,0,1,0,0,0,0,1,1,0,0,1,0
Ransomware,0,0,0,0,1,0,1,1,0,0,1,0,0,0,0,1,1,0,0,1,1,0,0,0,0,0,0,0,0,1,1,1,1,1,1,0,1,0,1,0,0,1,0,0,1,0,0,0,0,0,0,0,1,0,1,1,0,1,1,1,1,0,0,0,1,0,1,0,0,0,1,1,1,1,0,1,1
Ransomware,0,0,0,0,0,0,0,0,0,0,0,1,0,0,0,0,0,0,0,1,1,0,0,0,0,0,0,0,0,1,1,0,1,1,0,1,0,1,0,0,0,0,0,0,0,0,0,0,0,0,0,0,1,0,0,1,0,1,0,1,0,0,0,0,1,0,1,0,0,0,0,1,1,1,0,1,1
Ransomware,0,0,1,0,0,1,1,1,0,1,0,1,0,0,0,0,0,0,0,1,1,0,1,0,1,1,0,0,0,1,1,0,1,1,1,1,1,0,0,0,0,0,0,0,0,1,1,0,1,1,0,0,0,0,1,1,0,1,1,1,0,0,0,0,1,0,1,1,0,0,1,1,1,1,0,1,1
Ransomware,0,0,0,0,1,0,0,0,0,0,0,0,1,0,0,0,0,0,0,1,1,0,0,0,0,0,0,0,0,1,0,0,0,0,0,0,1,0,1,0,0,0,0,0,0,0,0,0,0,0,0,0,0,0,0,1,0,0,0,0,0,0,0,0,1,0,1,0,1,0,1,1,1,1,0,1,1
Ransomware,0,0,1,1,1,1,0,1,0,0,0,0,1,0,0,0,0,0,1,1,1,0,1,0,1,1,1,0,0,1,0,0,1,1,1,1,1,1,1,0,0,0,0,1,0,1,1,1,1,1,0,0,1,1,1,0,0,1,1,1,1,0,0,0,1,0,1,1,1,0,1,1,1,1,0,1,1
Ransomware,0,0,0,0,0,1,0,0,0,0,0,0,1,0,0,1,1,0,0,0,1,0,1,0,0,0,0,0,0,1,0,0,1,0,1,1,0,0,0,0,0,0,0,0,0,0,0,0,0,1,0,0,0,0,0,1,0,1,0,0,0,0,0,0,1,0,1,0,0,0,0,1,1,1,0,1,1
Ransomware,0,0,0,1,1,1,0,1,0,0,1,1,1,0,0,1,1,0,1,1,1,0,1,1,1,1,0,0,0,1,1,0,1,1,1,0,1,1,1,0,0,0,0,0,0,1,1,0,0,1,0,0,1,1,1,1,0,1,1,1,1,0,0,0,1,0,1,1,1,0,1,1,1,1,0,1,1
Ransomware,0,0,1,1,1,1,1,1,1,1,1,1,1,0,0,1,1,0,0,1,1,0,1,0,1,1,0,0,1,1,1,0,1,1,1,1,1,0,1,0,0,0,0,0,0,1,1,0,1,1,0,0,1,1,1,1,1,1,1,0,1,0,0,0,1,0,1,1,1,0,1,1,1,1,0,1,1
Ransomware,0,0,0,0,1,0,1,0,0,0,0,0,1,0,0,0,0,0,1,1,1,0,1,0,0,0,0,0,0,1,0,1,1,1,0,0,0,0,0,0,0,0,0,0,0,0,0,0,0,0,0,0,0,0,1,1,0,1,0,1,0,0,0,0,1,0,1,0,0,0,0,1,1,1,0,1,1
Ransomware,0,0,1,1,1,1,1,1,1,1,1,1,1,0,0,1,1,0,0,1,1,0,1,0,1,1,0,0,1,1,1,0,1,1,1,1,1,1,1,0,0,0,0,1,0,1,1,0,1,1,0,0,1,1,1,1,1,1,1,1,1,0,0,0,1,0,1,1,1,0,1,1,1,1,0,1,1
Ransomware,0,0,0,1,0,0,0,1,0,0,0,0,1,0,0,0,0,0,0,1,1,0,0,1,0,0,0,0,0,1,1,1,1,0,1,1,1,1,1,0,0,0,0,0,0,1,0,0,0,0,0,0,1,1,1,1,0,1,1,1,1,0,0,0,1,0,1,0,1,0,1,1,1,1,0,1,1
Ransomware,0,0,1,1,0,1,0,1,1,1,1,1,1,0,0,1,0,1,0,1,1,0,1,1,1,1,0,0,1,1,1,0,1,1,1,1,1,1,1,0,0,0,1,1,0,1,1,0,1,1,0,0,1,1,1,1,1,1,1,1,1,0,0,0,1,0,1,1,1,0,1,1,1,1,0,1,1
Ransomware,0,0,0,0,0,0,0,0,0,0,1,0,0,0,0,0,0,0,0,0,1,0,0,1,0,0,0,0,0,1,0,0,1,1,1,0,1,0,0,0,0,0,0,0,0,0,0,0,0,0,0,0,0,0,0,0,0,1,1,0,0,0,0,0,1,0,1,0,0,0,0,1,1,1,0,1,1
Ransomware,0,0,1,0,1,1,0,1,0,1,1,1,1,0,0,0,0,0,0,1,1,0,1,1,1,1,0,0,0,1,1,0,1,1,1,1,1,1,1,0,0,1,1,0,0,1,0,0,1,1,0,0,1,0,1,1,0,1,1,1,1,0,0,0,1,0,1,1,1,0,1,1,1,1,0,1,1
Ransomware,0,0,1,0,1,1,0,1,0,1,0,1,1,0,0,0,0,0,0,1,1,0,1,0,1,1,0,0,0,1,1,0,1,0,1,1,1,1,1,0,0,0,1,0,0,0,0,0,1,1,0,0,1,0,1,1,0,1,1,1,1,0,0,0,1,0,1,1,1,0,1,1,1,1,0,1,1
Ransomware,0,0,0,0,0,1,0,0,0,0,0,0,0,0,0,0,0,0,0,1,1,0,0,0,0,0,0,0,0,0,1,1,1,0,1,0,0,0,0,0,0,0,0,0,0,0,0,0,0,1,0,0,0,0,0,0,0,0,0,1,0,0,0,0,1,0,1,0,0,0,0,1,1,1,0,1,1
Ransomware,0,0,0,0,0,1,0,1,1,0,1,1,0,0,0,1,0,0,0,1,1,0,1,0,0,0,0,0,0,1,0,1,0,0,0,0,0,0,0,0,0,1,1,0,0,0,0,0,0,1,0,0,0,0,1,0,0,1,0,0,0,0,0,0,1,0,1,0,1,0,1,1,1,1,0,1,1
Ransomware,0,0,0,0,0,1,0,1,1,0,0,1,0,0,0,1,0,0,0,1,1,0,1,0,0,0,0,0,0,1,1,0,1,0,0,0,1,0,0,0,0,1,1,1,0,1,0,1,0,1,0,0,0,0,1,0,0,1,1,1,0,0,0,0,1,0,1,0,1,0,1,1,1,1,0,1,1
Ransomware,0,0,0,0,0,0,0,1,0,0,0,0,0,0,0,0,0,0,0,0,1,0,0,0,0,0,0,0,0,1,0,0,0,0,0,0,1,0,0,0,0,0,0,0,0,1,0,0,0,0,0,0,0,0,1,0,0,1,1,0,0,0,0,0,1,0,1,0,0,0,0,1,1,1,0,1,1
Ransomware,0,0,0,0,0,0,0,0,0,0,0,0,0,0,0,0,0,0,0,0,0,0,0,0,0,0,0,0,0,1,0,1,0,0,0,0,0,0,1,0,0,0,0,0,0,0,0,0,0,0,0,0,1,0,0,0,0,1,0,0,1,0,0,0,1,0,0,0,1,0,1,0,1,1,0,0,1
Ransomware,0,0,1,1,1,1,1,1,1,1,1,1,1,0,0,1,1,1,1,1,1,1,1,1,1,1,1,0,0,1,1,1,1,1,1,1,1,1,1,1,0,1,1,1,0,1,1,1,1,1,1,0,1,1,1,1,0,1,1,1,1,0,0,0,1,0,1,1,1,0,1,1,1,1,0,1,1
Ransomware,0,0,1,1,1,1,1,1,1,1,1,1,1,0,0,1,1,1,1,1,1,1,1,1,1,1,1,0,1,1,1,1,1,1,1,1,1,1,1,1,0,1,1,1,0,1,1,1,1,1,1,0,1,1,1,1,1,1,1,1,1,0,0,0,1,0,1,1,1,0,1,1,1,1,0,1,1
Ransomware,0,0,0,0,1,1,0,1,0,1,0,1,1,0,0,0,0,0,0,1,1,0,1,0,1,1,0,0,1,1,1,0,1,1,1,1,1,0,1,0,0,0,0,1,0,0,1,0,0,1,0,0,1,0,1,1,1,1,1,1,1,0,0,0,1,0,1,1,1,0,1,1,1,1,0,1,1
Ransomware,0,0,0,0,0,1,0,0,0,0,1,0,0,0,0,0,0,0,0,1,1,0,1,1,1,1,0,0,0,1,1,0,0,0,0,0,1,0,1,0,0,0,0,0,0,0,0,0,0,1,0,0,1,1,0,1,0,1,1,0,1,0,0,0,1,0,1,1,0,0,0,1,1,1,0,1,1
Ransomware,0,0,0,0,0,1,0,1,1,0,0,1,0,0,0,1,0,0,0,1,1,0,1,0,0,0,0,0,0,1,1,0,1,0,0,0,1,0,0,0,0,1,1,1,0,1,0,1,0,1,0,0,0,0,1,0,0,1,1,1,0,0,0,0,1,0,1,0,1,0,1,1,1,1,0,1,1
Ransomware,0,1,1,0,1,1,0,1,1,1,0,1,1,0,0,1,1,0,0,1,1,0,1,0,1,1,0,0,0,1,1,0,1,0,1,1,1,1,1,0,0,0,0,0,0,1,0,0,1,1,0,1,1,0,1,1,1,1,1,1,1,0,0,0,1,0,1,1,1,0,1,1,1,1,0,1,1
Ransomware,0,0,0,1,0,0,0,1,0,0,0,0,1,0,0,0,0,0,0,1,1,0,0,1,0,0,0,0,0,1,1,1,1,0,1,1,1,1,1,0,0,0,0,0,0,1,0,0,0,0,0,0,1,1,1,1,0,1,1,1,1,0,0,0,1,0,1,0,1,0,1,1,1,1,0,1,1
Ransomware,0,0,0,0,0,1,0,0,0,0,0,0,1,0,0,0,0,0,0,0,1,0,0,0,0,0,0,0,0,1,0,0,1,0,1,1,0,0,0,0,0,0,0,0,0,0,0,0,0,1,0,0,0,0,0,1,0,1,0,0,0,0,0,0,1,0,1,0,0,0,0,1,1,1,0,1,1
Ransomware,0,0,0,1,1,1,0,1,0,0,1,1,1,0,0,1,1,0,1,1,1,0,1,1,1,1,0,0,0,1,1,0,1,1,1,0,1,1,1,0,0,0,0,0,0,1,1,0,0,1,0,0,1,1,1,1,0,1,1,1,1,0,0,0,1,0,1,1,1,0,1,1,1,1,0,1,1
Ransomware,0,0,0,0,0,1,0,1,1,0,0,1,0,0,0,1,0,0,0,1,1,0,1,0,0,0,0,0,0,1,0,0,0,0,0,0,0,0,0,0,0,1,1,1,0,1,0,0,0,1,0,0,0,0,1,0,0,1,0,0,0,0,0,0,1,0,1,0,1,0,1,1,1,1,0,1,1
Ransomware,0,0,0,0,0,1,0,1,0,0,0,0,1,0,0,1,1,0,0,1,1,0,1,0,1,1,0,0,0,1,1,0,1,0,0,0,0,0,1,0,0,0,0,0,0,0,0,0,0,1,0,0,1,0,1,0,0,1,0,1,1,0,0,0,1,0,1,1,0,0,0,1,1,1,0,1,1
Ransomware,0,0,0,0,0,1,0,1,0,0,0,0,1,0,0,0,1,0,0,0,1,0,1,0,0,0,0,0,0,1,0,0,1,0,0,1,1,0,1,0,0,1,0,0,0,1,0,0,0,1,0,0,0,0,1,0,0,1,1,0,1,0,0,0,1,0,1,0,1,0,1,1,1,1,0,1,1
Ransomware,0,0,0,0,0,1,0,1,1,0,1,1,1,0,0,1,0,0,0,1,1,0,1,0,0,0,0,0,0,1,1,0,1,0,0,0,0,0,0,0,0,0,1,0,0,0,0,0,0,1,0,0,0,0,1,0,0,1,0,1,0,0,0,0,1,0,1,0,1,0,1,1,1,1,0,1,1
Ransomware,0,0,0,0,0,1,0,1,1,0,1,1,1,0,0,1,1,0,0,1,1,0,1,0,0,0,0,0,0,1,0,0,0,0,0,0,0,0,0,0,0,1,1,0,0,1,0,0,0,1,0,0,0,0,1,0,0,1,0,0,0,0,0,0,1,0,1,0,1,0,1,1,1,1,0,1,1
Ransomware,0,0,0,0,0,0,0,0,0,0,0,0,1,0,0,0,0,0,0,0,1,0,0,0,0,0,0,0,0,1,0,0,0,0,0,0,1,0,0,0,0,0,0,0,0,0,0,0,0,0,0,0,0,0,0,0,0,1,1,0,0,0,0,0,1,0,1,0,0,0,0,1,1,1,0,1,1
Ransomware,0,0,0,0,0,1,0,1,0,0,0,0,1,0,0,0,1,0,0,0,1,0,1,0,0,0,0,0,0,1,0,0,1,0,0,1,1,0,1,0,0,1,0,0,0,1,0,0,0,1,0,0,0,0,1,0,0,1,1,0,1,0,0,0,1,0,1,0,1,0,1,1,1,1,0,1,1
Ransomware,1,0,0,1,0,1,0,0,0,0,0,0,0,0,0,0,0,0,0,1,1,0,0,0,0,0,0,0,0,1,0,1,1,0,0,1,1,1,1,0,0,0,0,0,0,1,0,0,0,1,0,1,0,1,0,0,0,1,1,1,1,0,0,0,1,0,1,0,0,0,1,1,1,1,0,1,1
Ransomware,0,0,0,0,0,1,0,1,1,0,0,1,1,0,0,1,0,0,0,1,1,0,1,0,0,0,0,0,0,1,1,0,1,0,0,0,0,0,0,0,0,1,1,1,0,0,0,0,0,1,0,0,0,0,1,0,0,1,0,1,0,0,0,0,1,0,1,0,1,0,1,1,1,1,0,1,1
Ransomware,0,0,0,0,0,0,0,1,0,0,0,1,0,0,0,0,0,0,0,0,1,0,1,0,0,0,0,0,0,1,0,0,0,0,0,0,1,0,0,0,0,0,0,0,0,1,0,0,0,0,0,0,0,0,1,0,0,1,1,0,0,0,0,0,1,0,1,0,0,0,0,1,1,1,0,1,1
Ransomware,0,1,1,0,0,1,1,1,1,1,0,1,1,0,0,1,0,0,0,1,1,0,1,0,1,1,0,0,1,1,1,0,1,0,1,1,1,1,1,0,0,0,0,1,0,0,1,0,1,1,0,1,1,0,1,1,1,1,1,1,1,0,0,0,1,0,1,1,1,0,1,1,1,1,0,1,1
Ransomware,0,0,0,0,0,0,0,1,0,0,0,0,0,0,0,0,0,0,0,0,1,0,0,0,0,0,0,0,0,0,0,0,0,0,0,0,0,0,0,0,0,0,0,0,0,0,0,0,0,0,0,0,0,0,1,0,0,0,0,0,0,0,0,0,1,0,1,0,0,0,0,1,1,1,0,1,1
Ransomware,0,1,1,1,0,1,0,1,0,1,1,1,0,0,0,0,0,0,0,1,1,0,1,0,1,1,0,0,1,1,0,0,1,1,1,1,1,0,1,0,0,1,1,1,0,1,1,1,1,1,0,0,1,1,1,1,1,1,1,1,1,0,0,0,1,0,1,1,1,0,1,1,1,1,0,1,1
Ransomware,0,0,0,0,0,0,0,1,0,0,0,0,0,0,0,0,0,0,0,0,1,0,1,0,0,0,0,0,0,1,0,1,0,0,0,0,0,0,0,0,0,0,0,0,0,0,0,0,0,0,0,0,0,0,1,0,0,1,0,0,0,0,0,0,1,0,1,0,0,0,0,1,1,1,0,1,1
Ransomware,0,0,0,1,1,1,0,1,0,0,1,1,1,0,0,1,1,0,1,1,1,0,1,1,1,1,0,0,0,1,1,0,1,1,1,0,1,1,1,0,0,0,0,0,0,1,1,0,0,1,0,0,1,1,1,1,0,1,1,1,1,0,0,0,1,0,1,1,1,0,1,1,1,1,0,1,1
Ransomware,0,1,1,1,0,0,1,1,0,0,1,0,0,0,0,0,0,1,0,1,1,0,1,0,1,1,0,0,0,1,0,1,1,1,1,1,1,0,0,0,0,1,0,0,0,0,0,0,1,0,0,1,0,1,1,1,0,1,1,0,0,0,0,0,1,0,1,1,0,0,1,1,1,1,0,1,1
Ransomware,0,0,0,0,0,0,0,1,0,0,0,0,0,0,0,0,0,0,0,0,1,0,0,0,0,0,0,0,0,1,0,0,0,0,0,0,1,0,0,0,0,0,0,0,0,1,0,0,0,0,0,0,0,0,1,0,0,1,1,0,0,0,0,0,1,0,1,0,0,0,0,1,1,1,0,1,1
Ransomware,0,0,0,0,1,1,0,1,0,0,0,0,1,0,0,0,0,0,0,1,1,0,1,0,1,0,0,0,0,1,0,1,0,0,0,1,0,0,0,0,0,0,0,0,0,0,0,0,0,1,0,0,0,0,1,0,0,1,0,0,0,0,0,0,1,0,1,1,0,0,0,1,1,1,0,1,1
Ransomware,0,0,0,0,0,1,0,0,0,0,0,0,1,0,0,0,0,0,0,0,1,0,0,0,0,0,0,0,0,0,1,0,0,0,1,0,0,1,0,0,0,0,0,0,0,0,0,0,0,1,0,0,0,0,0,0,0,0,0,0,0,0,0,0,1,0,1,0,0,0,0,1,1,1,0,1,1
Ransomware,1,0,1,0,1,1,1,1,1,1,1,1,0,0,0,0,0,0,0,1,1,0,1,0,1,1,0,0,0,1,1,0,1,1,1,1,1,0,1,0,0,0,0,1,0,1,1,0,1,1,0,1,1,0,1,1,0,1,1,0,1,0,0,0,1,0,1,1,1,0,1,1,1,1,0,1,1
Ransomware,0,0,0,0,0,0,0,0,0,0,0,0,1,0,0,0,0,0,0,0,1,0,0,0,0,0,0,0,0,0,1,0,0,0,0,0,0,1,0,0,0,0,0,0,0,0,0,0,0,0,0,0,0,0,0,0,0,0,0,0,0,0,0,0,1,0,1,0,0,0,0,1,1,1,0,1,1
Ransomware,0,0,0,0,0,0,0,0,0,0,0,0,0,0,0,0,0,0,0,0,0,0,0,0,0,0,0,0,0,1,0,0,1,0,0,0,0,0,1,0,0,0,0,0,0,0,0,0,0,0,0,0,1,0,0,1,0,1,0,1,1,1,0,0,1,1,0,0,1,1,1,0,1,1,1,0,1
Ransomware,0,0,1,1,1,1,1,1,1,1,1,1,1,0,0,1,1,1,1,1,1,0,1,1,1,1,0,1,1,1,1,1,1,1,1,1,1,1,1,0,0,1,1,1,1,1,1,1,1,1,0,0,1,1,1,1,1,1,1,1,1,0,0,0,1,1,1,1,1,1,1,1,1,1,1,1,1
Ransomware,0,0,0,0,0,1,0,1,1,0,1,1,0,0,0,1,0,0,0,1,1,0,1,0,0,0,0,0,0,1,0,1,0,0,0,0,0,0,0,0,0,1,1,0,0,0,0,0,0,1,0,0,0,0,1,0,0,1,0,0,0,0,0,0,1,0,1,0,1,0,1,1,1,1,0,1,1
Ransomware,0,0,0,1,1,1,0,1,0,0,1,1,1,0,0,1,1,0,0,1,1,0,1,0,0,0,0,0,0,1,1,0,1,1,1,0,1,1,1,0,0,0,1,0,0,0,1,0,0,1,0,0,1,1,1,1,0,1,1,1,1,0,0,0,1,0,1,0,1,0,1,1,1,1,0,1,1
Ransomware,0,0,0,0,0,0,0,0,0,0,0,0,0,0,0,0,0,0,0,1,1,0,0,0,0,0,0,0,0,0,0,1,1,0,0,1,0,0,0,0,0,0,0,0,0,0,0,0,0,0,0,0,0,0,0,0,0,1,0,0,0,0,0,0,1,0,1,0,0,0,0,1,1,1,0,1,1
Ransomware,0,0,0,0,0,0,1,1,0,0,1,1,1,0,0,0,0,0,0,1,1,0,0,0,0,0,1,0,0,1,1,0,1,1,1,1,1,1,0,0,0,0,0,0,0,1,1,0,0,0,0,0,0,0,1,0,0,1,1,0,0,0,0,0,1,0,1,1,0,0,1,1,1,1,0,1,1
Ransomware,0,0,1,0,0,1,1,1,0,0,1,1,1,0,0,1,1,0,0,1,1,0,1,0,1,1,1,0,0,1,1,0,1,1,1,1,1,1,1,0,0,0,0,1,1,1,1,0,1,1,0,0,1,0,1,0,0,1,1,1,1,0,0,0,1,0,1,1,1,0,1,1,1,1,0,1,1
Ransomware,0,0,0,0,1,0,0,0,0,0,0,0,0,0,0,0,0,0,0,0,0,0,1,0,0,0,0,0,0,0,1,0,1,0,0,0,0,0,0,0,0,0,0,0,0,0,0,0,0,0,0,0,0,0,0,0,0,0,0,1,0,0,0,0,1,0,1,0,0,0,0,1,1,1,0,1,1
Ransomware,0,0,0,0,0,0,0,0,0,0,0,0,0,0,0,0,0,0,0,0,0,0,0,0,0,0,0,0,0,0,0,0,1,0,0,0,0,0,0,0,0,0,0,0,0,0,0,0,0,0,0,0,0,0,0,0,0,1,0,0,0,0,0,0,1,0,0,0,0,0,0,0,0,1,0,0,1
Ransomware,0,0,1,0,0,1,1,1,0,0,1,1,1,0,0,0,1,0,0,1,1,0,1,0,1,1,1,0,0,1,1,0,1,1,1,1,1,1,1,0,0,0,0,1,1,1,1,0,1,1,0,0,1,0,1,0,0,1,1,1,1,0,0,0,1,0,1,1,1,0,1,1,1,1,0,1,1
Ransomware,0,0,0,0,0,1,0,0,0,0,0,1,0,0,0,0,0,0,0,0,0,0,1,1,0,0,0,0,1,1,1,0,1,0,1,1,1,1,1,0,0,0,0,1,0,0,1,1,0,1,0,0,1,0,0,1,1,1,1,1,1,0,0,0,1,0,1,0,1,0,1,1,1,1,0,1,1
Ransomware,0,1,1,1,0,1,1,1,0,0,1,0,1,0,0,0,0,1,0,1,1,0,1,0,1,1,0,0,0,1,0,1,1,1,1,1,1,0,1,0,0,1,0,0,0,0,0,0,1,1,0,1,1,1,1,1,0,1,1,0,1,0,0,0,1,0,1,1,1,0,1,1,1,1,0,1,1
Ransomware,0,0,0,0,0,1,0,1,1,0,0,1,0,0,0,1,0,0,0,1,1,0,1,0,0,0,0,0,0,1,0,1,0,0,0,0,0,0,0,0,0,1,1,1,0,0,0,0,0,1,0,0,0,0,1,0,0,1,0,0,0,0,0,0,1,0,1,0,1,0,1,1,1,1,0,1,1
Ransomware,0,0,0,0,1,1,0,1,0,0,0,0,1,0,0,1,1,0,0,0,1,0,1,0,0,0,0,0,0,1,0,0,0,0,0,0,0,0,0,0,0,0,0,0,0,0,0,0,0,1,0,0,0,0,1,1,0,1,0,0,0,0,0,0,1,0,1,0,0,0,0,1,1,1,0,1,1
Ransomware,0,0,0,0,0,1,0,1,1,0,0,1,0,0,0,1,0,0,0,1,1,0,1,0,0,0,0,0,0,1,0,1,0,0,0,0,0,0,0,0,0,1,1,1,0,0,0,0,0,1,0,0,0,0,1,0,0,1,0,0,0,0,0,0,1,0,1,0,1,0,1,1,1,1,0,1,1
Ransomware,0,0,1,0,1,0,1,1,0,1,1,1,0,0,0,1,1,0,0,1,1,0,1,0,1,1,0,0,0,1,0,1,1,1,1,1,1,1,1,0,0,1,0,0,0,1,1,0,1,0,0,0,0,0,1,1,0,1,1,0,1,0,0,0,1,0,1,1,0,0,1,1,1,1,0,1,1
Ransomware,0,0,1,0,1,0,1,1,1,1,1,1,1,0,0,1,1,0,0,1,1,0,1,0,1,1,0,0,0,1,0,0,1,1,1,1,1,1,1,0,0,0,0,0,0,0,0,0,1,0,0,0,1,0,1,1,0,1,1,0,1,0,0,0,1,0,1,1,0,0,1,1,1,1,0,1,1
Ransomware,0,0,0,0,0,1,0,1,1,0,0,1,0,0,0,1,0,0,0,1,1,0,1,0,0,0,0,0,0,1,0,1,0,0,0,0,0,0,0,0,0,1,1,1,0,0,0,0,0,1,0,0,0,0,1,0,0,1,0,0,0,0,0,0,1,0,1,0,1,0,1,1,1,1,0,1,1
Ransomware,0,0,0,0,0,1,0,1,1,0,1,1,0,0,0,1,0,0,0,1,1,0,1,0,0,0,0,0,0,1,0,1,0,0,0,0,0,0,0,0,0,1,1,0,0,0,0,0,0,1,0,0,0,0,1,0,0,1,0,0,0,0,0,0,1,0,1,0,1,0,1,1,1,1,0,1,1
Ransomware,1,0,1,1,1,1,1,1,1,1,1,1,1,1,1,1,1,0,1,1,1,0,1,1,1,1,1,0,1,1,1,1,1,1,1,1,1,0,1,0,0,0,0,1,0,1,1,1,1,1,0,0,1,1,1,1,1,1,1,1,1,1,0,0,1,1,1,1,1,1,1,1,1,1,1,1,1
Ransomware,0,0,0,0,1,1,0,1,0,0,0,0,1,0,0,0,0,0,0,1,1,0,1,0,1,0,0,0,0,1,0,1,0,0,0,1,0,0,0,0,0,0,0,0,0,0,0,0,0,1,0,0,0,0,1,0,0,1,0,0,0,0,0,0,1,0,1,1,0,0,0,1,1,1,0,1,1
Ransomware,0,0,0,0,1,0,0,0,0,0,0,0,1,0,0,0,0,0,1,1,1,0,1,0,0,0,0,0,0,1,0,1,1,1,0,0,0,0,0,0,0,0,0,0,0,0,0,0,0,0,0,0,0,0,0,0,0,1,0,1,0,0,0,0,1,0,1,0,0,0,0,1,1,1,0,1,1
Ransomware,0,0,0,0,0,1,0,1,1,0,0,1,1,0,0,1,0,0,0,1,1,0,1,0,1,1,0,0,1,1,1,1,1,1,1,1,1,1,1,0,0,0,1,1,0,0,1,0,0,1,0,0,1,0,1,1,1,1,1,1,1,0,0,0,1,0,1,1,1,0,1,1,1,1,0,1,1
Ransomware,0,0,0,1,0,0,0,1,0,0,0,0,1,0,0,0,0,0,0,1,1,0,0,1,0,0,0,0,0,1,1,1,1,0,1,1,1,1,1,0,0,0,0,0,0,1,0,0,0,0,0,0,1,1,1,1,0,1,1,1,1,0,0,0,1,0,1,0,1,0,1,1,1,1,0,1,1
Ransomware,0,0,1,1,1,1,1,1,1,1,1,1,1,0,0,1,1,0,0,1,1,0,1,0,1,1,0,0,1,1,0,0,1,1,1,1,1,0,1,0,0,0,0,0,0,1,1,0,1,1,0,0,1,1,1,1,1,1,1,0,1,0,0,0,1,0,1,1,1,0,1,1,1,1,0,1,1
Ransomware,0,0,0,0,0,1,0,0,0,0,0,0,1,0,0,0,0,0,0,0,1,0,1,0,0,0,0,0,0,1,1,0,1,1,1,0,0,1,0,0,0,0,0,0,0,0,0,0,0,1,0,0,0,0,0,0,0,1,0,1,0,0,0,0,1,0,1,0,0,0,0,1,1,1,0,1,1
Ransomware,0,0,1,1,1,1,0,1,0,0,0,1,1,0,0,0,0,0,0,1,1,0,1,0,0,0,0,0,1,1,1,1,1,1,1,1,1,0,1,0,0,1,1,0,0,1,0,0,1,1,0,0,1,1,1,1,1,1,1,1,1,0,0,0,1,0,1,0,1,0,1,1,1,1,0,1,1
Ransomware,0,0,0,0,0,1,0,1,1,0,0,1,0,0,0,1,0,0,0,1,1,0,1,0,0,0,0,0,0,1,0,1,0,0,0,0,0,0,0,0,0,1,1,1,0,0,0,0,0,1,0,0,0,0,1,0,0,1,0,0,0,0,0,0,1,0,1,0,1,0,1,1,1,1,0,1,1
Ransomware,0,0,0,0,0,1,0,1,1,0,1,1,0,0,0,1,0,0,0,1,1,0,1,0,0,0,0,0,0,1,0,1,0,0,0,0,0,0,0,0,0,1,1,0,0,0,0,0,0,1,0,0,0,0,1,0,0,1,0,0,0,0,0,0,1,0,1,0,1,0,1,1,1,1,0,1,1
Ransomware,0,0,0,0,1,1,0,1,0,0,0,0,1,0,0,0,0,0,0,1,1,0,1,0,1,0,0,0,0,1,0,1,0,0,0,1,0,0,0,0,0,0,0,0,0,0,0,0,0,1,0,0,0,0,1,0,0,1,0,0,0,0,0,0,1,0,1,1,0,0,0,1,1,1,0,1,1
Ransomware,0,0,0,0,0,0,1,1,0,0,1,0,1,0,0,0,0,1,0,1,1,0,1,0,0,0,0,0,0,1,0,1,1,1,1,1,1,1,1,0,0,0,0,0,0,0,0,0,0,0,0,0,1,0,1,1,0,1,1,0,1,0,0,0,1,0,1,0,1,0,1,1,1,1,0,1,1
Ransomware,0,0,0,0,0,1,0,1,1,0,0,1,1,0,0,1,0,0,0,1,1,0,1,0,1,1,0,0,1,1,1,1,1,1,1,1,1,1,1,0,0,0,1,1,0,0,1,0,0,1,0,0,1,0,1,1,1,1,1,1,1,0,0,0,1,0,1,1,1,0,1,1,1,1,0,1,1
Ransomware,0,0,0,1,0,0,0,1,0,0,0,0,1,0,0,0,0,0,0,1,1,0,0,1,0,0,0,0,0,1,1,1,1,0,1,1,1,1,1,0,0,0,0,0,0,1,0,0,0,0,0,0,1,1,1,1,0,1,1,1,1,0,0,0,1,0,1,0,1,0,1,1,1,1,0,1,1
Ransomware,0,0,0,0,0,1,0,0,0,0,0,0,1,0,0,0,0,0,0,0,1,0,0,0,0,0,0,0,0,1,1,0,1,1,1,0,0,1,0,0,0,0,0,0,0,0,0,0,0,1,0,0,0,0,0,0,0,1,0,1,0,0,0,0,1,0,1,0,0,0,0,1,1,1,0,1,1
Ransomware,0,0,0,0,0,1,0,1,1,0,0,1,1,0,0,1,0,0,0,1,1,0,1,0,1,1,0,0,1,1,1,1,1,1,1,1,1,1,1,0,0,0,1,1,0,0,1,0,0,1,0,0,1,0,1,1,1,1,1,1,1,0,0,0,1,0,1,1,1,0,1,1,1,1,0,1,1
Ransomware,0,0,0,0,0,1,0,1,1,0,0,1,1,0,0,1,0,0,0,1,1,0,1,0,1,1,0,0,1,1,1,1,1,1,1,1,1,1,1,0,0,0,1,1,0,0,1,0,0,1,0,0,1,0,1,1,1,1,1,1,1,0,0,0,1,0,1,1,1,0,1,1,1,1,0,1,1
Ransomware,0,0,1,1,1,1,1,1,0,1,0,1,1,0,0,0,0,0,0,1,1,0,1,0,1,1,0,0,1,1,0,0,1,1,1,1,1,0,1,0,0,0,0,0,0,1,1,0,1,1,0,0,0,1,1,1,1,1,1,0,1,0,0,0,1,0,1,1,1,0,1,1,1,1,0,1,1
Ransomware,0,0,0,0,0,0,0,0,0,0,0,0,0,0,0,0,0,0,0,0,1,0,0,0,0,0,0,0,0,1,0,1,0,0,0,0,0,0,0,0,0,0,0,0,0,0,0,0,0,0,0,0,0,0,0,1,0,0,0,0,0,0,0,0,1,0,1,0,0,0,0,1,1,1,0,1,1
Ransomware,0,0,0,0,0,0,0,0,0,0,0,0,0,0,0,0,0,0,0,0,1,0,0,0,0,0,0,0,0,0,0,0,0,0,0,0,0,0,0,0,0,0,0,0,0,0,0,0,0,0,0,0,0,0,0,0,0,0,0,0,0,0,0,0,0,0,1,0,0,0,0,1,1,0,0,1,0
Ransomware,0,0,0,0,0,0,0,0,0,0,1,0,0,0,0,0,0,0,0,0,1,0,0,0,0,0,0,0,0,1,0,1,0,0,0,0,1,0,0,0,0,0,0,0,0,1,0,0,0,0,0,0,0,0,0,1,0,1,1,1,0,0,0,0,1,0,1,0,0,0,0,1,1,1,0,1,1
Ransomware,0,1,0,0,0,0,0,1,0,0,0,0,0,0,0,0,0,0,0,1,1,0,1,0,1,1,0,0,0,1,0,0,0,0,0,0,0,0,0,0,0,0,0,1,0,0,0,0,0,0,0,1,0,0,1,0,0,1,0,0,0,0,0,0,1,0,1,1,0,0,0,1,1,1,0,1,1
Ransomware,0,0,0,0,0,1,0,0,0,0,1,0,0,0,0,0,0,0,0,0,1,0,1,1,0,0,0,0,0,1,1,0,1,0,0,1,1,0,1,0,0,0,0,0,0,0,0,0,0,1,0,0,1,0,0,1,0,1,0,0,1,0,0,0,1,0,1,0,1,0,1,1,1,1,0,1,1
Ransomware,0,0,1,0,1,1,1,1,0,1,1,1,1,0,0,0,0,0,0,1,1,0,1,1,1,1,0,0,1,1,1,1,1,0,1,1,1,0,1,0,0,0,0,1,0,1,1,0,1,1,0,0,0,0,1,1,1,1,1,1,0,0,0,0,1,0,1,1,1,0,1,1,1,1,0,1,1
Ransomware,0,0,0,0,0,0,0,0,0,0,0,0,0,0,0,0,0,0,0,1,1,0,1,0,0,0,0,0,0,1,0,1,0,0,0,0,0,0,0,0,0,0,0,0,0,0,0,0,0,0,0,0,0,0,0,0,0,1,0,0,0,0,0,0,1,0,1,0,0,0,0,1,1,1,0,1,1
Ransomware,0,0,1,1,1,1,1,1,0,1,0,1,1,0,0,0,0,0,0,1,1,0,1,0,1,1,0,0,1,1,0,0,1,1,1,1,1,0,1,0,0,0,0,0,0,1,1,0,1,1,0,0,0,1,1,1,1,1,1,0,1,0,0,0,1,0,1,1,1,0,1,1,1,1,0,1,1
Ransomware,0,0,0,1,1,1,0,1,0,0,1,1,1,0,0,1,1,0,1,1,1,0,1,1,1,1,0,0,0,1,1,0,1,1,1,0,1,1,1,0,0,0,0,0,0,1,1,0,0,1,0,0,1,1,1,1,0,1,1,1,1,0,0,0,1,0,1,1,1,0,1,1,1,1,0,1,1
Ransomware,0,0,0,0,1,0,0,1,0,0,0,0,0,0,0,0,0,0,1,0,1,0,0,0,0,0,0,0,0,1,0,0,0,0,0,0,1,1,1,0,0,0,0,0,0,1,1,0,0,0,0,0,0,0,1,1,0,1,1,1,1,0,0,0,1,0,1,0,1,0,1,1,1,1,0,1,1
Ransomware,0,0,0,0,0,0,0,0,0,0,0,0,0,0,0,0,0,0,0,0,0,0,0,0,0,0,0,0,0,0,1,0,0,0,0,0,0,0,0,0,0,0,0,0,0,0,0,0,0,0,0,0,0,0,0,0,0,0,0,0,0,0,0,0,0,0,1,0,0,0,0,1,1,0,0,1,0
Ransomware,0,0,0,1,1,1,0,1,0,0,1,1,1,0,0,1,1,0,1,1,1,0,1,1,1,1,0,0,0,1,1,0,1,1,1,0,1,1,1,0,0,0,0,0,0,1,1,0,0,1,0,0,1,1,1,1,0,1,1,1,1,0,0,0,1,0,1,1,1,0,1,1,1,1,0,1,1
Ransomware,1,0,1,0,1,1,0,1,0,0,0,0,0,0,0,0,0,0,1,0,1,0,0,0,0,0,0,0,1,1,0,0,1,1,0,1,1,0,1,0,0,0,1,0,0,1,1,1,1,1,0,1,1,0,1,0,1,1,1,1,1,0,0,0,1,0,1,0,1,0,1,1,1,1,0,1,1
Ransomware,0,0,0,0,1,0,0,0,0,0,0,0,0,0,0,0,0,0,1,0,1,0,0,0,0,0,0,0,0,1,0,0,0,0,0,0,1,0,1,0,0,0,0,0,0,1,1,0,0,0,0,0,0,0,0,0,0,1,1,1,1,0,0,0,1,0,1,0,1,0,1,1,1,1,0,1,1
Ransomware,0,0,0,0,0,0,0,0,0,0,0,0,0,0,0,0,0,0,0,0,1,0,0,0,0,0,0,0,0,1,0,0,0,1,0,0,0,0,1,0,0,0,0,0,0,0,0,0,0,0,0,0,0,0,0,1,0,1,0,0,1,0,0,0,1,0,1,0,0,0,0,1,1,1,0,1,1
Ransomware,0,0,0,1,1,1,0,1,0,0,1,1,1,0,0,1,1,0,1,1,1,0,1,1,1,1,0,0,0,1,1,0,1,1,1,0,1,1,1,0,0,0,0,0,0,1,1,0,0,1,0,0,1,1,1,1,0,1,1,1,1,0,0,0,1,0,1,1,1,0,1,1,1,1,0,1,1
Ransomware,0,0,1,1,1,1,0,1,0,0,0,0,1,0,0,0,0,0,0,1,1,0,1,0,0,0,0,0,1,1,0,1,1,1,1,1,1,0,1,0,0,1,0,0,0,1,1,0,1,1,0,0,1,1,1,1,1,1,1,1,1,0,0,0,1,0,1,0,1,0,1,1,1,1,0,1,1
Ransomware,0,0,0,0,0,0,0,0,0,0,0,1,0,0,0,0,0,0,0,1,1,0,0,0,0,0,0,0,0,1,1,1,1,1,0,1,0,0,0,0,0,0,0,0,0,0,0,0,0,0,0,0,0,0,0,0,0,1,0,0,0,0,0,0,1,0,1,0,0,0,0,1,1,1,0,1,1
Ransomware,0,0,0,0,1,1,0,1,0,1,0,1,1,0,0,0,0,0,0,1,1,0,1,0,1,1,0,0,0,1,1,0,1,1,1,1,1,1,1,0,0,0,0,0,0,0,0,0,0,1,0,0,1,0,1,1,0,1,1,1,1,0,0,0,1,0,1,1,1,0,1,1,1,1,0,1,1
Ransomware,0,0,0,0,0,0,0,0,0,0,0,0,0,0,0,0,0,0,0,0,1,0,0,0,0,0,0,0,0,1,0,0,0,0,0,0,0,0,0,0,0,0,0,0,0,0,0,0,0,0,0,0,0,0,0,1,0,0,0,0,0,0,0,0,1,0,1,0,0,0,0,1,1,1,0,1,1
Ransomware,0,0,0,0,1,1,0,1,0,1,0,1,1,0,0,0,0,0,0,1,1,0,1,0,1,1,0,0,1,1,1,0,1,1,1,1,1,0,1,0,0,0,0,1,0,0,1,0,0,1,0,0,1,0,1,1,1,1,1,1,1,0,0,0,1,0,1,1,1,0,1,1,1,1,0,1,1
Ransomware,0,0,0,0,0,0,0,0,0,0,0,0,0,0,0,0,0,0,0,0,1,0,0,0,0,0,0,0,0,1,1,0,0,0,0,0,0,1,0,0,0,0,0,0,0,0,0,0,0,0,0,0,0,0,0,0,0,1,0,0,0,0,0,0,1,0,1,0,0,0,0,1,1,1,0,1,1
Ransomware,0,0,1,1,0,0,1,1,0,1,0,1,0,0,0,0,0,0,0,1,1,0,1,1,1,1,0,0,0,1,0,0,1,0,1,1,1,0,1,0,0,0,0,0,0,0,0,0,1,0,0,0,1,1,1,1,0,1,1,0,1,0,0,0,1,0,1,1,1,0,1,1,1,1,0,1,1
Ransomware,0,0,1,1,0,1,1,1,0,0,1,1,1,0,0,0,0,0,0,1,1,0,1,0,1,1,0,1,1,1,1,1,1,1,1,1,1,0,1,0,0,0,1,0,0,1,0,1,1,1,0,1,1,1,1,1,1,1,1,1,1,0,0,0,1,1,1,1,1,1,1,1,1,1,1,1,1
Ransomware,0,0,0,1,0,1,1,1,0,0,0,1,1,0,0,0,0,0,0,1,1,0,1,0,1,1,0,1,1,1,1,1,1,0,1,1,1,0,1,0,0,0,0,0,0,0,0,0,0,1,0,1,1,1,1,1,1,1,1,1,1,0,0,0,1,1,1,1,1,1,1,1,1,1,1,1,1
Ransomware,0,0,0,0,0,0,0,0,0,0,1,0,0,0,0,0,0,0,1,0,0,0,0,0,0,0,0,0,0,1,0,0,0,0,0,1,1,0,0,0,0,0,0,0,0,0,0,0,0,0,0,0,0,0,0,0,0,1,1,0,0,0,0,0,1,0,1,0,0,0,0,1,1,1,0,1,1
Ransomware,1,0,0,1,0,1,0,1,0,0,1,0,1,0,0,0,0,0,0,0,1,0,1,0,0,0,1,1,1,1,1,0,1,0,1,1,1,0,1,0,0,0,0,1,0,1,1,0,0,1,0,1,1,1,1,1,1,1,1,1,1,0,0,0,1,1,1,1,1,1,1,1,1,1,1,1,1
Ransomware,0,1,1,1,1,1,0,1,0,0,1,1,1,0,0,0,0,0,0,1,1,0,1,0,0,0,0,0,1,1,1,1,1,1,1,1,1,1,1,0,0,0,1,1,0,1,0,0,1,1,0,1,1,0,1,1,1,1,1,1,1,0,0,0,1,0,1,0,1,0,1,1,1,1,0,1,1
Ransomware,0,0,1,1,1,1,1,1,0,1,1,1,1,1,1,1,1,1,1,1,1,0,1,1,1,1,1,0,0,1,1,1,1,1,1,1,1,1,1,0,0,1,1,1,0,1,0,1,1,1,0,0,1,0,1,1,0,1,1,1,1,0,0,0,1,0,1,1,1,0,1,1,1,1,0,1,1
Ransomware,1,0,0,0,0,1,0,1,0,0,1,0,0,0,0,0,0,0,0,0,0,0,1,1,0,0,0,0,0,1,0,0,1,0,1,1,1,1,1,0,0,0,0,0,0,1,0,0,0,1,0,1,1,0,1,1,0,1,1,0,1,0,0,0,1,0,1,0,1,0,1,1,1,1,0,1,1
Ransomware,1,0,0,1,0,1,0,1,0,0,1,0,1,0,0,0,0,0,0,0,1,0,1,0,0,0,1,1,1,1,1,0,1,0,1,1,1,0,1,0,0,0,0,1,0,1,1,0,0,1,0,1,1,1,1,1,1,1,1,1,1,0,0,0,1,1,1,1,1,1,1,1,1,1,1,1,1
Ransomware,0,0,1,1,1,1,1,1,1,1,1,1,1,0,0,1,1,0,1,1,1,0,1,0,1,1,1,0,1,1,1,0,1,1,1,1,1,0,1,0,0,0,0,1,1,1,1,1,1,1,0,1,1,1,1,1,1,1,1,1,1,0,0,0,1,0,1,1,1,0,1,1,1,1,0,1,1
Ransomware,0,1,0,1,0,1,0,1,0,1,1,1,1,0,0,0,0,1,0,1,1,0,1,0,1,1,1,0,1,1,1,0,1,0,1,1,1,1,1,0,0,0,0,0,0,1,0,0,0,1,0,1,1,1,1,1,1,1,1,0,1,0,0,0,1,0,1,1,1,0,1,1,1,1,0,1,1
Ransomware,0,1,0,1,0,1,0,0,0,0,1,0,1,0,0,0,0,0,0,1,1,0,0,0,0,0,0,1,0,1,0,0,0,0,1,0,1,0,1,0,0,0,0,1,0,1,0,0,0,1,0,1,1,1,0,1,0,1,1,0,1,0,0,0,1,1,1,0,1,1,1,1,1,1,1,1,1
Ransomware,0,1,0,1,1,1,0,1,0,0,0,1,1,0,0,0,0,0,0,0,1,0,1,0,0,0,0,0,1,1,1,0,1,1,1,1,1,1,1,0,0,0,1,1,0,1,0,0,0,1,0,1,1,0,1,1,1,1,1,1,1,0,0,0,1,0,1,0,1,0,1,1,1,1,0,1,1
Ransomware,0,0,0,0,0,1,0,1,0,0,0,0,1,0,0,1,1,0,0,1,1,0,1,0,0,0,0,0,0,1,0,1,0,0,0,0,1,0,0,0,0,0,0,0,0,0,0,0,0,1,0,0,0,0,1,0,0,1,1,0,0,0,0,0,1,0,1,0,0,0,1,1,1,1,0,1,1
Ransomware,1,0,0,0,0,1,0,1,0,0,1,0,0,0,0,0,0,0,0,0,0,0,1,1,0,0,0,0,0,1,0,0,1,0,1,1,1,1,1,0,0,0,0,0,0,1,0,1,0,1,0,1,1,0,1,1,0,1,1,0,1,0,0,0,1,0,1,0,1,0,1,1,1,1,0,1,1
Ransomware,0,0,0,0,1,1,0,1,0,0,0,1,1,0,0,0,0,0,0,0,1,0,0,0,0,0,0,0,1,1,0,0,1,1,1,1,1,1,1,0,0,0,0,1,0,0,0,0,0,1,0,0,1,0,1,1,1,1,1,1,1,0,0,0,1,0,1,0,1,0,1,1,1,1,0,1,1
Ransomware,0,1,1,1,0,1,1,1,0,1,1,1,0,0,0,0,0,0,1,1,1,0,1,1,1,1,0,0,1,1,0,0,1,1,1,1,1,0,1,0,0,0,0,1,0,1,0,1,1,1,0,1,1,1,1,1,1,1,1,1,1,0,0,0,1,0,1,1,1,0,1,1,1,1,0,1,1
Ransomware,0,0,1,0,1,0,1,1,0,1,1,1,1,0,0,0,0,0,0,1,1,0,1,0,1,1,0,0,0,1,0,0,1,1,1,1,1,0,0,0,0,0,0,0,0,0,0,0,1,0,0,0,0,0,1,1,0,1,1,1,0,0,0,0,1,0,1,1,0,0,0,1,1,1,0,1,1
Ransomware,0,0,1,0,1,0,1,1,0,0,1,0,1,0,0,1,1,0,0,1,1,0,1,1,0,0,1,0,0,1,0,0,1,1,1,1,0,0,0,0,0,1,0,0,0,0,0,0,1,0,0,0,0,0,1,1,0,1,0,1,0,0,0,0,1,0,1,1,0,0,0,1,1,1,0,1,1
Ransomware,0,0,0,0,0,0,0,0,0,0,0,0,0,0,0,0,0,0,0,0,0,0,0,0,0,0,0,0,0,0,0,0,0,0,0,0,0,0,1,0,0,0,0,0,0,0,0,0,0,0,0,0,0,0,0,0,0,0,0,0,0,0,0,0,1,0,0,0,1,0,1,0,1,1,0,0,1
Ransomware,0,0,0,0,0,0,1,1,0,1,0,1,1,0,0,0,0,0,0,1,1,0,1,0,1,1,0,0,0,1,0,0,1,1,1,1,1,0,0,0,0,0,0,0,0,0,0,0,0,0,0,0,0,0,1,1,0,1,1,0,0,0,0,0,1,0,1,1,0,0,0,1,1,1,0,1,1
Ransomware,0,0,1,1,0,1,1,1,1,1,1,1,1,0,0,0,0,0,0,1,1,0,1,1,1,1,1,0,0,1,0,1,1,0,1,1,1,1,1,0,0,1,0,0,0,1,0,0,1,1,0,0,1,1,1,1,0,1,1,0,1,0,0,0,1,0,1,1,1,0,1,1,1,1,0,1,1
Ransomware,0,1,1,0,0,1,1,1,1,1,0,1,1,0,0,1,0,0,0,1,1,0,1,0,1,1,0,0,1,1,1,0,1,0,1,1,1,1,1,0,0,0,0,1,0,0,1,0,1,1,0,1,1,0,1,1,1,1,1,1,1,0,0,0,1,0,1,1,1,0,1,1,1,1,0,1,1
Ransomware,0,0,0,0,0,0,0,0,0,0,0,0,1,0,0,0,0,0,0,0,1,0,1,0,0,0,0,0,0,1,1,0,0,0,0,0,0,0,0,0,0,0,0,0,0,0,0,0,0,0,0,0,0,0,0,0,0,1,0,0,0,0,0,0,1,0,1,0,0,0,0,1,1,1,0,1,1
Ransomware,0,0,0,0,0,1,0,0,0,0,1,0,1,0,0,0,0,0,0,1,0,0,1,0,0,0,0,0,0,1,0,0,1,0,1,1,1,0,1,0,0,1,0,0,0,1,0,0,0,1,0,0,1,0,0,1,0,1,1,1,1,0,0,0,1,0,1,0,1,0,1,1,1,1,0,1,1
Ransomware,0,0,0,1,1,0,0,0,0,0,0,0,1,0,0,0,0,0,1,1,1,0,1,0,0,0,0,0,0,1,1,1,1,1,0,0,0,1,1,0,1,0,0,0,0,0,0,0,0,0,1,0,1,1,0,0,0,1,0,1,1,0,0,0,1,0,1,0,0,0,0,1,1,1,0,1,1
Ransomware,0,0,1,0,0,1,0,0,0,0,0,0,0,0,0,0,0,0,0,0,1,0,1,0,0,0,0,0,0,1,0,0,0,0,0,0,0,0,0,0,0,0,0,0,0,0,0,0,1,1,0,0,0,0,0,0,0,1,0,0,0,0,0,0,1,0,1,0,0,0,0,1,1,1,0,1,1
Ransomware,0,1,0,0,0,1,0,1,0,0,0,1,0,0,0,0,0,0,0,0,0,0,1,0,0,0,0,0,0,1,0,0,0,0,1,0,1,0,1,0,0,0,0,1,0,1,0,0,0,1,0,1,1,0,1,1,0,1,1,0,1,0,0,0,1,0,1,0,1,0,1,1,1,1,0,1,1
Ransomware,0,0,1,0,1,1,1,1,0,1,1,1,1,1,1,0,0,0,1,1,1,0,1,1,0,1,0,0,1,1,1,1,1,1,1,1,1,1,1,0,0,1,0,0,0,1,1,0,1,1,0,0,1,0,1,1,1,1,1,1,1,0,0,0,1,0,1,1,1,0,1,1,1,1,0,1,1
Ransomware,0,0,0,0,0,0,0,0,0,0,0,0,0,0,0,0,0,0,0,0,1,0,0,0,0,0,0,0,0,0,0,0,1,0,0,1,0,0,0,0,0,0,0,0,0,0,0,0,0,0,0,0,0,0,0,0,0,1,0,0,0,0,0,0,1,0,1,0,0,0,0,1,1,1,0,1,1
Ransomware,0,0,1,1,0,1,1,0,0,0,0,0,1,0,0,0,0,0,0,0,1,0,0,1,0,0,0,0,0,1,0,0,0,0,1,1,1,1,1,0,1,0,0,0,0,0,1,0,1,1,1,0,1,1,1,1,0,1,1,0,1,0,0,0,1,0,1,0,1,0,1,1,1,1,0,1,1
Ransomware,0,1,0,0,0,1,0,1,0,0,1,0,1,0,0,0,0,0,1,1,1,0,1,0,0,0,0,0,0,1,0,1,0,0,0,0,1,0,0,0,0,0,0,1,0,0,0,0,0,1,0,1,0,0,1,1,0,1,1,0,0,0,0,0,1,0,1,0,0,0,0,1,1,1,0,1,1
Ransomware,0,0,0,0,0,0,0,0,0,0,0,0,0,0,0,0,0,0,0,1,1,0,0,0,0,0,0,0,0,1,0,0,0,0,0,0,0,0,0,0,0,0,0,0,0,0,0,0,0,0,0,0,0,0,0,0,0,1,0,0,0,0,0,0,1,0,1,0,0,0,0,1,1,1,0,1,1
Ransomware,0,0,0,0,0,0,0,1,0,0,0,0,0,0,0,0,0,0,0,0,0,0,0,1,0,0,0,0,0,1,0,0,0,1,0,0,0,0,0,0,0,0,0,0,0,0,0,0,0,0,0,0,0,0,1,1,0,1,0,0,0,0,0,0,1,0,1,0,0,0,0,1,1,1,0,1,1
Ransomware,0,1,0,1,1,1,1,1,1,1,1,1,1,0,0,0,0,1,0,1,1,0,1,0,1,1,0,1,0,1,1,1,1,1,1,1,1,1,1,0,0,1,0,0,0,1,0,0,0,1,0,1,1,1,1,1,0,1,1,1,1,0,0,0,1,1,1,1,1,1,1,1,1,1,1,1,1
Ransomware,0,0,1,1,0,1,0,1,0,0,0,0,1,0,0,1,1,1,0,0,1,0,0,1,0,0,1,0,0,1,0,0,1,1,1,1,1,0,1,0,0,0,0,0,0,1,0,0,1,1,0,0,1,1,1,1,0,1,1,0,1,0,0,0,1,0,1,1,0,0,1,1,1,1,0,1,1
Ransomware,0,1,1,1,1,1,1,1,0,1,1,1,1,0,0,1,1,0,0,1,1,0,1,0,1,1,0,0,0,1,1,1,1,1,1,1,1,1,1,0,0,0,1,0,0,1,1,0,1,1,0,1,1,1,1,1,0,1,1,1,1,0,0,0,1,0,1,1,1,0,1,1,1,1,0,1,1
Ransomware,0,1,1,1,1,1,1,1,0,1,1,1,1,0,0,1,1,0,0,1,1,0,1,0,1,1,0,0,0,1,1,1,1,1,1,1,1,1,1,0,0,0,1,0,0,1,1,0,1,1,0,1,1,1,1,1,0,1,1,1,1,0,0,0,1,0,1,1,1,0,1,1,1,1,0,1,1
Ransomware,0,0,0,1,1,1,0,1,0,0,0,1,1,0,0,0,0,0,0,1,1,0,1,0,1,1,0,0,0,1,1,0,1,1,1,0,0,0,1,0,0,0,0,0,0,0,0,0,0,1,0,0,1,1,1,1,0,1,0,1,1,0,0,0,1,0,1,1,1,0,1,1,1,1,0,1,1
Ransomware,0,0,0,1,1,1,0,1,0,0,0,1,1,0,0,0,0,0,0,1,1,0,1,0,1,1,0,0,0,1,1,0,1,1,1,0,0,0,1,0,0,0,0,0,0,0,0,0,0,1,0,0,1,1,1,1,0,1,0,1,1,0,0,0,1,0,1,1,1,0,1,1,1,1,0,1,1
Ransomware,0,0,1,0,0,0,0,1,0,0,1,0,0,0,0,0,0,0,0,0,1,0,1,0,0,0,0,0,0,1,0,0,0,0,0,0,1,0,1,0,0,0,0,0,0,0,0,0,1,0,0,0,1,0,1,0,0,1,1,0,1,0,0,0,1,0,1,0,0,0,0,1,1,1,0,1,1
Ransomware,1,0,1,1,1,1,1,1,1,1,1,1,1,0,0,1,1,0,1,1,1,0,1,1,1,1,1,0,1,1,1,1,1,1,1,1,1,0,1,0,0,0,0,1,1,1,1,1,1,1,0,0,1,0,1,1,1,1,1,1,1,0,0,0,1,0,1,1,1,0,1,1,1,1,0,1,1
Ransomware,0,0,0,0,0,1,0,0,0,0,1,0,0,0,0,1,1,0,0,0,0,0,1,1,0,0,0,0,0,1,0,0,0,1,0,0,1,0,0,0,0,0,0,0,0,1,0,0,0,1,0,0,0,0,0,0,0,1,1,0,0,0,0,0,1,0,1,0,0,0,1,1,1,1,0,1,1
Ransomware,0,0,1,0,1,1,0,1,0,1,1,1,1,1,1,0,1,0,0,1,1,0,1,0,0,0,1,0,0,1,1,1,1,1,1,1,1,1,1,0,0,1,0,0,0,1,1,0,1,1,0,0,1,0,1,1,0,1,1,1,1,0,0,0,1,0,1,1,1,0,1,1,1,1,0,1,1
Ransomware,0,0,1,0,1,1,0,1,0,1,1,1,1,0,0,0,0,0,0,1,1,0,1,0,0,0,1,0,0,1,1,0,1,1,1,1,1,1,1,0,0,0,0,0,0,1,0,0,1,1,0,0,1,0,1,1,0,1,1,1,1,0,0,0,1,0,1,1,1,0,1,1,1,1,0,1,1
Ransomware,0,0,0,0,0,0,0,0,0,0,0,0,1,0,0,0,0,0,0,1,1,0,1,0,0,0,0,0,0,0,1,0,1,0,0,0,1,0,1,0,0,0,0,0,0,0,0,0,0,0,0,0,0,0,0,0,0,1,0,0,0,0,0,0,1,0,1,0,1,0,1,1,1,1,0,1,1
Ransomware,0,1,0,0,0,0,1,1,0,0,1,0,1,0,0,1,1,1,0,1,1,0,1,0,1,1,0,0,0,1,1,1,1,1,1,1,1,0,0,0,0,1,0,1,0,0,0,0,0,0,0,1,0,0,1,1,0,1,1,1,0,0,0,0,1,0,1,1,0,0,1,1,1,1,0,1,1
Ransomware,0,0,0,0,0,1,0,0,0,0,0,0,0,0,0,0,0,0,0,0,0,0,0,0,0,0,0,0,0,1,1,0,1,0,0,0,0,0,1,0,0,0,0,0,0,0,0,0,0,1,0,0,1,0,0,1,0,0,0,0,1,0,0,0,1,0,1,0,0,0,0,1,1,1,0,1,1
Ransomware,0,0,0,0,0,0,0,0,0,0,0,0,0,0,0,0,0,0,0,0,1,0,0,0,0,0,0,0,0,0,0,0,0,0,0,0,0,0,0,0,0,0,0,0,0,0,0,0,0,0,0,0,0,0,1,0,0,0,0,0,0,0,0,0,1,0,1,0,0,0,0,1,1,1,0,1,1
Ransomware,0,0,1,0,0,1,0,1,1,1,0,1,1,0,0,1,0,0,0,1,1,0,1,0,1,1,0,0,1,1,1,0,1,0,1,1,1,1,1,0,0,0,0,1,0,1,1,0,1,1,0,0,1,0,1,1,1,1,1,1,1,0,0,0,1,0,1,1,1,0,1,1,1,1,0,1,1
Ransomware,0,0,1,0,0,1,1,1,0,1,0,1,1,0,0,0,0,0,0,1,1,0,1,0,1,1,0,0,0,1,1,1,1,1,1,1,1,0,1,0,0,0,0,0,0,1,0,0,1,1,0,0,1,0,1,0,0,1,1,1,1,0,0,0,1,0,1,1,0,0,1,1,1,1,0,1,1
Ransomware,0,1,1,1,1,1,1,1,0,1,1,1,1,0,0,1,1,0,0,1,1,0,1,0,1,1,0,0,0,1,1,1,1,1,1,1,1,1,1,0,0,0,1,0,0,1,1,0,1,1,0,1,1,1,1,1,0,1,1,1,1,0,0,0,1,0,1,1,1,0,1,1,1,1,0,1,1
Ransomware,1,0,1,0,0,1,1,1,1,1,1,1,0,0,0,0,0,0,1,1,1,0,1,0,1,1,0,0,0,1,0,1,1,0,1,1,1,1,1,0,0,0,0,0,0,1,0,0,1,1,0,1,1,0,1,1,0,1,1,0,1,0,0,0,1,0,1,1,1,0,1,1,1,1,0,1,1
Ransomware,0,1,1,1,0,1,1,1,0,1,0,1,1,0,0,0,0,0,0,1,1,0,1,1,1,1,0,0,0,1,0,0,1,0,1,1,1,0,1,0,0,0,0,1,0,1,0,0,1,1,0,1,1,1,1,1,0,1,1,1,1,0,0,0,1,0,1,1,1,0,1,1,1,1,0,1,1
Ransomware,1,0,0,0,0,1,0,1,0,0,1,0,0,0,0,0,0,0,0,0,0,0,1,1,0,0,0,0,0,1,0,0,1,0,1,1,1,1,1,0,0,0,0,0,0,1,0,0,0,1,0,1,1,0,1,1,0,1,1,0,1,0,0,0,1,0,1,0,1,0,1,1,1,1,0,1,1
Ransomware,0,1,1,0,1,1,0,1,1,1,0,1,1,0,0,1,1,0,0,1,1,0,1,0,1,1,0,0,0,1,1,0,1,0,1,1,1,1,1,0,0,0,0,0,0,1,0,0,1,1,0,1,1,0,1,1,0,1,1,1,1,0,0,0,1,0,1,1,1,0,1,1,1,1,0,1,1
Ransomware,0,0,0,0,1,1,0,1,0,1,0,1,1,0,0,0,0,0,0,1,1,0,1,0,1,1,0,0,1,1,1,0,1,1,1,1,1,0,1,0,0,0,0,1,0,0,1,0,0,1,0,0,1,0,1,1,1,1,1,1,1,0,0,0,1,0,1,1,1,0,1,1,1,1,0,1,1
Ransomware,0,0,1,1,0,1,1,1,0,0,1,1,0,0,0,0,0,0,0,1,1,0,1,1,1,1,0,0,0,1,0,0,1,1,1,1,1,1,1,0,1,0,1,1,0,1,1,1,1,1,1,0,1,1,1,1,0,1,1,0,1,0,0,0,1,0,1,1,1,0,1,1,1,1,0,1,1
Ransomware,0,0,0,0,1,0,0,0,0,0,0,0,1,0,0,0,0,0,1,1,1,0,1,0,0,0,0,0,0,1,1,1,1,1,0,0,0,1,0,0,0,0,0,0,0,0,0,0,0,0,0,0,0,0,0,0,0,1,0,1,0,0,0,0,1,0,1,0,0,0,0,1,1,1,0,1,1
Ransomware,0,1,1,1,1,1,1,1,0,1,1,1,1,0,0,1,1,0,0,1,1,0,1,0,1,1,0,0,0,1,1,1,1,1,1,1,1,1,1,0,0,0,1,0,0,1,1,0,1,1,0,1,1,1,1,1,0,1,1,1,1,0,0,0,1,0,1,1,1,0,1,1,1,1,0,1,1
Ransomware,0,0,1,0,1,0,0,0,0,0,0,0,0,0,0,0,0,0,0,1,1,0,1,1,0,0,0,0,0,1,1,1,1,0,0,0,0,0,1,0,0,0,0,0,0,0,0,0,1,0,0,0,1,0,0,0,0,0,0,1,1,0,0,0,1,0,1,0,0,0,0,1,1,1,0,1,1
Ransomware,0,0,0,0,0,0,0,1,0,0,0,0,0,0,0,0,0,0,0,0,1,0,0,0,0,0,0,0,0,1,0,0,0,0,0,0,1,0,1,0,0,0,0,0,0,1,0,0,0,0,0,0,0,0,1,0,0,1,1,0,0,0,0,0,1,0,1,0,1,0,1,1,1,1,0,1,1
Ransomware,0,1,1,0,1,1,1,1,0,1,1,1,1,0,0,0,0,0,0,1,1,0,1,1,1,1,0,0,1,1,1,1,1,1,1,1,1,0,1,0,0,0,0,0,0,1,1,0,1,1,0,1,1,0,1,1,1,1,1,1,1,0,0,0,1,0,1,1,1,0,1,1,1,1,0,1,1
Ransomware,1,1,1,1,0,1,1,1,0,1,1,1,1,0,0,0,0,0,1,1,1,0,1,1,1,1,1,1,0,1,1,0,1,1,1,1,1,0,1,0,0,0,1,1,0,1,1,1,1,1,0,1,1,1,1,1,0,1,1,1,1,1,0,0,1,1,1,1,1,1,1,1,1,1,1,1,1
Ransomware,0,0,1,0,1,1,1,1,0,1,1,1,1,0,0,0,0,0,0,1,1,0,1,1,1,1,0,0,1,1,1,1,1,0,1,1,1,0,1,0,0,0,0,1,0,1,1,0,1,1,0,0,0,0,1,1,1,1,1,1,1,0,0,0,1,0,1,1,1,0,1,1,1,1,0,1,1
Ransomware,1,1,1,1,0,1,1,1,0,1,1,1,1,0,0,0,0,0,1,1,1,0,1,1,1,1,1,1,0,1,1,0,1,1,1,1,1,0,1,0,0,0,1,1,0,1,1,1,1,1,0,1,1,1,1,1,0,1,1,1,1,1,0,0,1,1,1,1,1,1,1,1,1,1,1,1,1
Ransomware,0,0,0,0,0,0,1,1,0,0,1,0,1,0,0,0,0,1,0,1,1,0,1,0,0,0,0,0,0,1,0,1,1,1,1,1,1,1,1,0,0,0,0,0,0,0,0,0,0,0,0,0,1,0,1,1,0,1,1,0,1,0,0,0,1,0,1,0,1,0,1,1,1,1,0,1,1
Ransomware,0,0,0,0,0,0,0,0,0,0,0,1,0,0,0,0,0,0,0,1,1,0,0,0,0,0,0,0,0,1,1,1,1,1,0,1,0,1,1,0,0,0,0,0,0,0,0,0,0,0,0,0,1,0,0,0,0,1,0,0,1,0,0,0,1,0,1,0,1,0,1,1,1,1,0,1,1
Ransomware,0,0,0,1,1,1,0,1,0,0,1,1,1,0,0,1,1,0,1,1,1,0,1,1,1,1,0,0,0,1,1,0,1,1,1,0,1,1,1,0,0,0,0,0,0,1,1,0,0,1,0,0,1,1,1,1,0,1,1,1,1,0,0,0,1,0,1,1,1,0,1,1,1,1,0,1,1
Ransomware,1,0,1,0,1,1,0,1,0,0,0,0,0,0,0,0,0,0,1,0,1,0,0,0,0,0,0,0,1,1,0,0,1,1,0,1,1,0,1,0,0,0,1,0,0,1,1,1,1,1,0,1,1,0,1,0,1,1,1,1,1,0,0,0,1,0,1,0,1,0,1,1,1,1,0,1,1
Ransomware,0,0,0,0,0,1,0,0,0,0,0,1,0,0,0,0,0,0,0,0,0,0,1,1,0,0,0,0,1,1,1,0,1,0,1,1,1,1,1,0,0,0,0,1,0,0,1,1,0,1,0,0,1,0,0,1,1,1,1,1,1,0,0,0,1,0,1,0,1,0,1,1,1,1,0,1,1
Ransomware,1,0,0,0,0,1,0,1,0,0,1,0,0,0,0,0,0,0,0,0,0,0,1,1,0,0,0,0,0,1,0,0,1,0,1,1,1,1,1,0,0,0,0,0,0,1,0,1,0,1,0,1,1,0,1,1,0,1,1,0,1,0,0,0,1,0,1,0,1,0,1,1,1,1,0,1,1
Ransomware,0,1,0,1,1,1,0,1,0,0,0,0,1,0,0,0,0,0,0,1,1,0,1,0,1,1,0,1,0,1,1,1,1,1,1,0,1,1,1,0,0,0,1,0,0,1,0,1,0,1,0,1,1,1,1,1,0,1,1,1,1,0,0,0,1,1,1,1,1,1,1,1,1,1,1,1,1
Ransomware,0,0,1,0,1,1,0,1,0,1,1,1,1,0,0,0,0,0,0,1,1,0,1,1,1,1,0,0,1,1,1,0,1,1,1,1,1,1,1,0,0,1,1,0,0,1,1,0,1,1,0,0,1,0,1,1,1,1,1,1,1,0,0,0,1,0,1,1,1,0,1,1,1,1,0,1,1
Ransomware,0,0,0,1,0,0,0,1,0,0,0,0,1,0,0,0,0,0,0,1,1,0,0,1,0,0,0,0,0,1,1,1,1,0,1,1,1,1,1,0,0,0,0,0,0,1,0,0,0,0,0,0,1,1,1,1,0,1,1,1,1,0,0,0,1,0,1,0,1,0,1,1,1,1,0,1,1
Ransomware,0,0,1,0,0,1,0,1,1,1,0,1,1,0,0,1,0,0,0,1,1,0,1,0,1,1,0,0,1,1,1,0,1,0,1,1,1,1,1,0,0,0,0,1,0,1,1,0,1,1,0,0,1,0,1,1,1,1,1,1,1,0,0,0,1,0,1,1,1,0,1,1,1,1,0,1,1
Ransomware,0,0,0,0,0,1,0,1,0,0,0,0,0,0,0,0,0,0,0,1,1,0,0,0,0,0,0,0,1,1,0,1,1,0,1,1,1,1,1,0,0,0,0,1,0,0,1,0,0,1,0,0,1,0,1,1,1,1,1,1,1,0,0,0,1,0,1,0,1,0,1,1,1,1,0,1,1
Ransomware,0,0,0,0,0,1,0,1,1,0,1,1,0,0,0,1,0,0,0,1,1,0,1,0,0,0,0,0,0,1,0,1,0,0,0,0,0,0,0,0,0,1,1,0,0,0,0,0,0,1,0,0,0,0,1,0,0,1,0,0,0,0,0,0,1,0,1,0,1,0,1,1,1,1,0,1,1
Ransomware,0,0,0,0,0,1,0,1,1,0,0,1,0,0,0,1,0,0,0,1,1,0,1,0,0,0,0,0,0,1,1,0,1,0,0,0,1,0,0,0,0,1,1,1,0,1,0,1,0,1,0,0,0,0,1,0,0,1,1,1,0,0,0,0,1,0,1,0,1,0,1,1,1,1,0,1,1
Ransomware,0,0,0,1,1,0,1,0,1,1,0,0,1,0,0,0,0,0,1,1,1,0,1,0,0,0,0,0,0,1,0,1,1,1,1,0,1,0,1,0,0,0,0,0,0,0,0,0,0,0,0,0,1,1,1,1,0,1,1,1,1,0,0,0,1,0,1,0,1,0,1,1,1,1,0,1,1
Ransomware,0,0,0,1,0,0,0,1,0,0,0,0,0,0,0,0,0,0,0,1,1,0,1,1,0,0,0,0,0,1,1,0,0,0,0,0,0,1,0,0,0,0,0,1,0,0,0,0,0,0,0,1,0,1,1,0,0,1,0,0,0,0,0,0,1,0,1,0,1,0,0,1,1,1,0,1,1
Ransomware,0,0,0,0,0,1,0,0,0,0,1,0,0,0,0,0,0,0,0,1,1,0,1,1,1,1,0,0,0,1,1,0,0,0,0,0,1,0,1,0,0,0,0,0,0,0,0,0,0,1,0,0,1,1,0,1,0,1,1,0,1,0,0,0,1,0,1,1,0,0,0,1,1,1,0,1,1
Ransomware,0,0,0,0,0,0,0,0,0,0,1,0,0,0,0,0,0,0,0,1,0,0,1,0,0,0,0,0,0,1,0,1,0,0,0,1,1,0,0,0,0,1,0,0,0,0,0,0,0,0,0,0,0,0,0,1,0,1,1,0,0,0,0,0,1,0,1,0,0,0,1,1,1,1,0,1,1
